"","Anexo","cod_orgao","nom_orgao","mes","ano","pg_mes","lim_sq_sd","pg_sd","cred_sd","a_liq_sd","liq_a_pg_sd","nome_orgao","lim_pag"
"1","Anexo II","20000","PRESIDENCIA DA REPUBLICA",2,"2019",41455.82238,75231.99492,69927.31491,441515.0945,328494.4477,62064.29551,"Presidência da República",57918
"2","Anexo II","20000","PRESIDENCIA DA REPUBLICA",3,"2019",80028.61069,26163.96748,149955.9256,435839.00303,291320.57308,21840.2788,"Presidência da República",86878
"3","Anexo II","20000","PRESIDENCIA DA REPUBLICA",4,"2019",31639.10452,45714.05662,181595.03012,220850.15395,330661.78652,50152.05685,"Presidência da República",135143
"4","Anexo II","20000","PRESIDENCIA DA REPUBLICA",5,"2019",65738.157,53707.55432,247333.18712,120128.67201,349213.82378,23069.178,"Presidência da República",183408
"5","Anexo II","20000","PRESIDENCIA DA REPUBLICA",6,"2019",31632.70227,23532.08993,278965.88939,105112.9391,325626.10792,31419.89289,"Presidência da República",231674
"6","Anexo II","20000","PRESIDENCIA DA REPUBLICA",7,"2019",65790.52082,30799.80131,344756.41021,69668.69813,313796.41754,29774.91354,"Presidência da República",279939
"7","Anexo II","20000","PRESIDENCIA DA REPUBLICA",8,"2019",54190.68154,15138.59381,398947.09175,60425.19399,288012.75122,17307.74675,"Presidência da República",328204
"8","Anexo II","20000","PRESIDENCIA DA REPUBLICA",9,"2019",29065.87668,21064.77439,428012.96843,81283.14144,288553.32783,26304.24408,"Presidência da República",376470
"9","Anexo II","20000","PRESIDENCIA DA REPUBLICA",10,"2019",51735.30773,14484.19773,479748.27616,41011.55821,300262.45032,12484.15593,"Presidência da República",424735
"10","Anexo II","20000","PRESIDENCIA DA REPUBLICA",11,"2019",30374.6776799999,33672.95898,510122.95384,38971.1568,265815.11859,30214.23547,"Presidência da República",473001
"11","Anexo II","20000","PRESIDENCIA DA REPUBLICA",12,"2019",80948.2939800001,52105.63373,591071.24782,23595.98427,39718.01632,11438.39431,"Presidência da República",521266
"12","Anexo II","22000","MINIST. DA AGRICUL.,PECUARIA E ABASTECIMENTO",2,"2019",75220.04821,93425.0252,135871.03144,2036575.5108,2127990.75697,240317.14208,"Ministério da Agricultura, Pecuária e Abastecimento",234643
"13","Anexo II","22000","MINIST. DA AGRICUL.,PECUARIA E ABASTECIMENTO",3,"2019",85462.8086,129120.47411,221333.84004,1999340.33056,2095952.48887,226535.5356,"Ministério da Agricultura, Pecuária e Abastecimento",351965
"14","Anexo II","22000","MINIST. DA AGRICUL.,PECUARIA E ABASTECIMENTO",4,"2019",109746.34073,174743.65716,331080.18077,1336521.79534,2028695.62849,211205.37268,"Ministério da Agricultura, Pecuária e Abastecimento",547500
"15","Anexo II","22000","MINIST. DA AGRICUL.,PECUARIA E ABASTECIMENTO",5,"2019",97045.95824,182724.04083,428126.13901,923306.04622,2091614.89429,267158.81071,"Ministério da Agricultura, Pecuária e Abastecimento",743036
"16","Anexo II","22000","MINIST. DA AGRICUL.,PECUARIA E ABASTECIMENTO",6,"2019",131799.71193,172005.03713,559925.85094,764607.115,2008455.86385,365810.94677,"Ministério da Agricultura, Pecuária e Abastecimento",938572
"17","Anexo II","22000","MINIST. DA AGRICUL.,PECUARIA E ABASTECIMENTO",7,"2019",223225.87406,113481.21057,783151.725,548648.44254,1929541.38545,324713.53633,"Ministério da Agricultura, Pecuária e Abastecimento",1134108
"18","Anexo II","22000","MINIST. DA AGRICUL.,PECUARIA E ABASTECIMENTO",8,"2019",179891.70187,54469.46491,963043.42687,431771.419431385,1837901.59493,275560.49408,"Ministério da Agricultura, Pecuária e Abastecimento",1329644
"19","Anexo II","22000","MINIST. DA AGRICUL.,PECUARIA E ABASTECIMENTO",9,"2019",93576.27129,66096.05813,1056619.69816,394401.745331644,1711191.54158,273714.119,"Ministério da Agricultura, Pecuária e Abastecimento",1525180
"20","Anexo II","22000","MINIST. DA AGRICUL.,PECUARIA E ABASTECIMENTO",10,"2019",91939.80988,73812.45083,1148559.50804,435755.022820041,1621258.52067,325562.32676,"Ministério da Agricultura, Pecuária e Abastecimento",1720716
"21","Anexo II","22000","MINIST. DA AGRICUL.,PECUARIA E ABASTECIMENTO",11,"2019",214952.31933,260968.8337,1363511.82737,1083960.67380224,1410372.71262,289354.38392,"Ministério da Agricultura, Pecuária e Abastecimento",1916252
"22","Anexo II","22000","MINIST. DA AGRICUL.,PECUARIA E ABASTECIMENTO",12,"2019",692738.9294,363067.10496,2056250.75677,111645.775080307,511940.59905,398443.37897,"Ministério da Agricultura, Pecuária e Abastecimento",2111788
"23","Anexo II","24000","MINIST.DA CIENCIA,TECNOL.,INOV.E COMUNICACOES",2,"2019",152599.530644648,205287.04556,293252.788372385,2857980.86035,678366.99849696,358150.634249195,"Ministério da Ciência, Tecnologia, Inovações e Comunicações",355333
"24","Anexo II","24000","MINIST.DA CIENCIA,TECNOL.,INOV.E COMUNICACOES",3,"2019",184095.388556261,133952.33683,477348.176928646,2726115.18891,644695.021374637,313898.146251269,"Ministério da Ciência, Tecnologia, Inovações e Comunicações",532999
"25","Anexo II","24000","MINIST.DA CIENCIA,TECNOL.,INOV.E COMUNICACOES",4,"2019",211917.433341782,227715.70134,689265.610270428,1309565.86593,756799.619985096,381874.604067671,"Ministério da Ciência, Tecnologia, Inovações e Comunicações",829110
"26","Anexo II","24000","MINIST.DA CIENCIA,TECNOL.,INOV.E COMUNICACOES",5,"2019",221965.462204693,196436.72257,911231.072475121,700855.04016,1352407.85337636,396822.529658349,"Ministério da Ciência, Tecnologia, Inovações e Comunicações",1125220
"27","Anexo II","24000","MINIST.DA CIENCIA,TECNOL.,INOV.E COMUNICACOES",6,"2019",200236.027686243,111924.9159,1111467.10016136,615264.72414,1256131.96028906,373528.98726462,"Ministério da Ciência, Tecnologia, Inovações e Comunicações",1421331
"28","Anexo II","24000","MINIST.DA CIENCIA,TECNOL.,INOV.E COMUNICACOES",7,"2019",219861.696076696,89740.20525,1331328.79623806,534387.46445,1136394.50954306,354378.60122679,"Ministério da Ciência, Tecnologia, Inovações e Comunicações",1717442
"29","Anexo II","24000","MINIST.DA CIENCIA,TECNOL.,INOV.E COMUNICACOES",8,"2019",184554.36627886,104338.11834,1515883.16251692,525020.47735,1057989.07946393,268965.596495475,"Ministério da Ciência, Tecnologia, Inovações e Comunicações",2013552
"30","Anexo II","24000","MINIST.DA CIENCIA,TECNOL.,INOV.E COMUNICACOES",9,"2019",190566.188714556,167433.17566,1706449.35123148,517257.15598,949403.610736992,326390.44911324,"Ministério da Ciência, Tecnologia, Inovações e Comunicações",2309663
"31","Anexo II","24000","MINIST.DA CIENCIA,TECNOL.,INOV.E COMUNICACOES",10,"2019",213262.525710866,167128.23316,1919711.87694234,391372.317550246,966803.638583153,344850.24680311,"Ministério da Ciência, Tecnologia, Inovações e Comunicações",2605774
"32","Anexo II","24000","MINIST.DA CIENCIA,TECNOL.,INOV.E COMUNICACOES",11,"2019",381353.801207658,663044.02215,2301065.67815,293258.71142,939235.66615856,362776.71657552,"Ministério da Ciência, Tecnologia, Inovações e Comunicações",2901884
"33","Anexo II","24000","MINIST.DA CIENCIA,TECNOL.,INOV.E COMUNICACOES",12,"2019",801090.573243987,188910.0991,3102156.25139399,35630.0109400002,124718.201382419,170551.193364255,"Ministério da Ciência, Tecnologia, Inovações e Comunicações",3197995
"34","Anexo II","25000","MINISTERIO DA ECONOMIA",2,"2019",944177.12655,104394.4369,1198462.5081,7481241.36988,2277788.99888,131876.04567,"Ministério da Economia",871715
"35","Anexo II","25000","MINISTERIO DA ECONOMIA",3,"2019",276794.09486,88318.6188099999,1475256.60296,7133377.70254,2057686.81141,260641.93886,"Ministério da Economia",1307572
"36","Anexo II","25000","MINISTERIO DA ECONOMIA",4,"2019",369482.60719,138752.5217,1844739.21015,3186910.88745,3026395.55524,282460.43779,"Ministério da Economia",2034001
"37","Anexo II","25000","MINISTERIO DA ECONOMIA",5,"2019",468969.23963,129313.70368,2313708.44978,2557292.63573,2877457.33803,248115.8163,"Ministério da Economia",2760429
"38","Anexo II","25000","MINISTERIO DA ECONOMIA",6,"2019",424083.88597,109609.86801,2737792.33575,2123554.6204,2815469.70229,322055.90779,"Ministério da Economia",3486858
"39","Anexo II","25000","MINISTERIO DA ECONOMIA",7,"2019",481463.86234,165321.55741,3219256.19809,1503341.5135,2581867.7508,363308.88286,"Ministério da Economia",4213287
"40","Anexo II","25000","MINISTERIO DA ECONOMIA",8,"2019",452373.874670001,77611.3555899999,3671630.07276,986996.90744,2375311.97501,464604.25173,"Ministério da Economia",4939716
"41","Anexo II","25000","MINISTERIO DA ECONOMIA",9,"2019",396432.94576,119154.26873,4068063.01852,852686.27318,2077356.40769,601174.1324,"Ministério da Economia",5666145
"42","Anexo II","25000","MINISTERIO DA ECONOMIA",10,"2019",809382.75468,57820.6792399999,4877445.7732,1075890.50873,2174523.47185,149655.7815,"Ministério da Economia",6392574
"43","Anexo II","25000","MINISTERIO DA ECONOMIA",11,"2019",899242.89847,116050.55971,5776688.67167,1047214.02664,2017417.02591,137099.21499,"Ministério da Economia",7119002
"44","Anexo II","25000","MINISTERIO DA ECONOMIA",12,"2019",2969284.18087,238356.24556,8745972.85254,414537.62092,385463.63822,55929.33145,"Ministério da Economia",7845431
"45","Anexo II","26000","MINISTERIO DA EDUCACAO",2,"2019",1413287.17878747,641563.4609,2363057.39314535,14377049.4189586,9267483.46120153,932377.09192,"Ministério da Educação",3077368
"46","Anexo II","26000","MINISTERIO DA EDUCACAO",3,"2019",1367725.81328037,595153.90859,3730783.20642572,13544391.0670747,8742761.55850433,914332.8435,"Ministério da Educação",4316053
"47","Anexo II","26000","MINISTERIO DA EDUCACAO",4,"2019",1459583.27527503,1340406.78755,5190366.48170075,9629859.10750511,9189239.2203322,1160813.41646,"Ministério da Educação",6413860
"48","Anexo II","26000","MINISTERIO DA EDUCACAO",5,"2019",1575790.63695339,1160315.49828,6766157.11865414,7347910.13462853,8896406.9696869,953502.47697,"Ministério da Educação",8511667
"49","Anexo II","26000","MINISTERIO DA EDUCACAO",6,"2019",1473452.45631255,1008912.65545,8239609.57496669,5701382.41697314,8625341.70358946,882793.85988,"Ministério da Educação",10609474
"50","Anexo II","26000","MINISTERIO DA EDUCACAO",7,"2019",1521703.41144752,841634.51322,9761312.98641421,4666492.84901,9155002.74091372,886795.633706409,"Ministério da Educação",12707281
"51","Anexo II","26000","MINISTERIO DA EDUCACAO",8,"2019",1530564.1471538,571212.33755,11291877.133568,3606975.76279,8919977.86126673,1033383.11086,"Ministério da Educação",14805088
"52","Anexo II","26000","MINISTERIO DA EDUCACAO",9,"2019",1351701.16355254,442243.50934,12643578.2971206,4151065.92136082,9384569.60945196,841268.87586,"Ministério da Educação",16902895
"53","Anexo II","26000","MINISTERIO DA EDUCACAO",10,"2019",1857265.14359407,854768.00847,14500843.4407146,2803838.23660819,10679876.4069524,939199.12768,"Ministério da Educação",19000702
"54","Anexo II","26000","MINISTERIO DA EDUCACAO",11,"2019",1898325.85553193,1585302.74618,16399169.2962465,2184907.05046008,10768669.2207163,1174500.15701,"Ministério da Educação",21098509
"55","Anexo II","26000","MINISTERIO DA EDUCACAO",12,"2019",3614370.24328183,1046313.63016,20013539.5395284,1472071.44101,1881905.38542501,459254.54025,"Ministério da Educação",23196315
"56","Anexo II","30000","MINISTERIO DA JUSTICA E SEGURANCA PUBLICA",2,"2019",156904.22526,96123.24094,255802.693,5031427.18655,1639804.46354,135647.49284,"Ministério da Justiça e Segurança Pública",418106
"57","Anexo II","30000","MINISTERIO DA JUSTICA E SEGURANCA PUBLICA",3,"2019",233702.43551,128056.12244,489505.12851,3333625.80247,1569486.93822,65956.27823,"Ministério da Justiça e Segurança Pública",627159
"58","Anexo II","30000","MINISTERIO DA JUSTICA E SEGURANCA PUBLICA",4,"2019",234652.35395,128857.87075,724157.48246,1411325.03591,2224333.2526,79819.02437,"Ministério da Justiça e Segurança Pública",975580
"59","Anexo II","30000","MINISTERIO DA JUSTICA E SEGURANCA PUBLICA",5,"2019",222413.99426,76096.97486,946571.47672,879867.40182,2222930.00125,82175.87964,"Ministério da Justiça e Segurança Pública",1324001
"60","Anexo II","30000","MINISTERIO DA JUSTICA E SEGURANCA PUBLICA",6,"2019",211368.62466,112004.03373,1157940.10138,752947.0215,2141549.0242,63852.1796,"Ministério da Justiça e Segurança Pública",1672423
"61","Anexo II","30000","MINISTERIO DA JUSTICA E SEGURANCA PUBLICA",7,"2019",203416.38473,99904.81469,1361356.48611,759431.3797,2064650.04536,60881.83859,"Ministério da Justiça e Segurança Pública",2020844
"62","Anexo II","30000","MINISTERIO DA JUSTICA E SEGURANCA PUBLICA",8,"2019",191491.64551,122115.81531,1552848.13162,542623.04225,1870776.47832,75658.60067,"Ministério da Justiça e Segurança Pública",2369266
"63","Anexo II","30000","MINISTERIO DA JUSTICA E SEGURANCA PUBLICA",9,"2019",216451.29855,86881.57894,1769299.43017,732414.68356,1640837.48708,77969.40087,"Ministério da Justiça e Segurança Pública",2717687
"64","Anexo II","30000","MINISTERIO DA JUSTICA E SEGURANCA PUBLICA",10,"2019",230393.50577,80881.2604,1999692.93594,509202.98445,1542549.13301,58556.60842,"Ministério da Justiça e Segurança Pública",3066109
"65","Anexo II","30000","MINISTERIO DA JUSTICA E SEGURANCA PUBLICA",11,"2019",222886.50811,116656.04584,2222579.44405,1172672.50812,1438008.65125,51458.56306,"Ministério da Justiça e Segurança Pública",3414530
"66","Anexo II","30000","MINISTERIO DA JUSTICA E SEGURANCA PUBLICA",12,"2019",506645.24412,105448.75543,2729224.68817,221991.63126,450597.99159,57106.95535,"Ministério da Justiça e Segurança Pública",3762952
"67","Anexo II","32000","MINISTERIO DE MINAS E ENERGIA",2,"2019",38187.64151,35340.52401,68082.38745,607938.75868,139307.33943,11775.74748,"Ministério de Minas e Energia",465648
"68","Anexo II","32000","MINISTERIO DE MINAS E ENERGIA",3,"2019",42976.47662,38001.0046,111058.86407,565065.69594,139359.14978,9577.66566,"Ministério de Minas e Energia",698472
"69","Anexo II","32000","MINISTERIO DE MINAS E ENERGIA",4,"2019",65466.27933,24336.59204,176525.1434,294089.72365,202385.21086,10942.13024,"Ministério de Minas e Energia",1086511
"70","Anexo II","32000","MINISTERIO DE MINAS E ENERGIA",5,"2019",58325.15376,17147.82083,234850.29716,171089.11257,229663.17053,13874.58411,"Ministério de Minas e Energia",1474551
"71","Anexo II","32000","MINISTERIO DE MINAS E ENERGIA",6,"2019",36732.66309,10796.85102,271582.96025,149405.51413,210007.86357,12626.91966,"Ministério de Minas e Energia",1862591
"72","Anexo II","32000","MINISTERIO DE MINAS E ENERGIA",7,"2019",30470.09731,23774.46818,302053.05756,142177.12786,172860.1546,13535.42841,"Ministério de Minas e Energia",2250631
"73","Anexo II","32000","MINISTERIO DE MINAS E ENERGIA",8,"2019",32155.01316,31476.54526,334208.07072,114129.50267,155991.54686,8420.93567,"Ministério de Minas e Energia",2638671
"74","Anexo II","32000","MINISTERIO DE MINAS E ENERGIA",9,"2019",30519.52078,32501.85362,364727.5915,97058.9051999999,137394.61502,8881.29011,"Ministério de Minas e Energia",3026710
"75","Anexo II","32000","MINISTERIO DE MINAS E ENERGIA",10,"2019",31220.50193,28298.35756,395948.09343,103585.00203,34729345.64669,8768.38981,"Ministério de Minas e Energia",3414750
"76","Anexo II","32000","MINISTERIO DE MINAS E ENERGIA",11,"2019",78817.19872,23196.01668,474765.29215,137947.93822,34700100.24888,7970.22536,"Ministério de Minas e Energia",3802790
"77","Anexo II","32000","MINISTERIO DE MINAS E ENERGIA",12,"2019",34482829.09164,37062.58763,34957594.38379,274377.62541,11347.783260007,5017.79315,"Ministério de Minas e Energia",4190830
"78","Anexo II","35000","MINISTERIO DAS RELACOES EXTERIORES",2,"2019",128122.832400821,8381.63442,218844.28731466,1436150.34188894,90245.0628682183,4609.67413843007,"Ministério das Relações Exteriores",182068
"79","Anexo II","35000","MINISTERIO DAS RELACOES EXTERIORES",3,"2019",112090.295717279,27153.68105,330934.583031939,1336446.40813213,87970.7677091206,5513.08224752605,"Ministério das Relações Exteriores",273102
"80","Anexo II","35000","MINISTERIO DAS RELACOES EXTERIORES",4,"2019",146359.895258844,10684.7699,477294.478290783,871051.851766911,82040.9660966189,5626.42842845232,"Ministério das Relações Exteriores",424825
"81","Anexo II","35000","MINISTERIO DAS RELACOES EXTERIORES",5,"2019",121464.945622652,9113.56777,598759.423913435,634529.476278436,78410.0355100267,5306.40876656377,"Ministério das Relações Exteriores",576548
"82","Anexo II","35000","MINISTERIO DAS RELACOES EXTERIORES",6,"2019",107341.248640006,8193.08039,706100.672553441,501516.387142393,89835.2009002663,5864.89148633544,"Ministério das Relações Exteriores",728271
"83","Anexo II","35000","MINISTERIO DAS RELACOES EXTERIORES",7,"2019",119634.582655977,3730.22077,825735.255209418,321991.020143501,135630.080014397,4173.29070113244,"Ministério das Relações Exteriores",879994
"84","Anexo II","35000","MINISTERIO DAS RELACOES EXTERIORES",8,"2019",193126.505899708,8529.36354,1018861.76110913,172470.112393171,133748.27829408,6004.1379318906,"Ministério das Relações Exteriores",1031718
"85","Anexo II","35000","MINISTERIO DAS RELACOES EXTERIORES",9,"2019",138404.344100852,9445.04005,1157266.10520998,311145.473448878,107654.693715911,6876.69289278004,"Ministério das Relações Exteriores",1183441
"86","Anexo II","35000","MINISTERIO DAS RELACOES EXTERIORES",10,"2019",110095.227547311,18769.63079,1267361.33275729,201849.549685925,97892.0747024431,6326.96803557171,"Ministério das Relações Exteriores",1335164
"87","Anexo II","35000","MINISTERIO DAS RELACOES EXTERIORES",11,"2019",189593.950273698,185953.55872,1456955.28303099,221291.045964065,108245.195676553,8305.03300266075,"Ministério das Relações Exteriores",1486887
"88","Anexo II","35000","MINISTERIO DAS RELACOES EXTERIORES",12,"2019",163679.740167751,15112.54632,1620635.02319874,39866.3758169388,9788.13382990605,6393.64891597828,"Ministério das Relações Exteriores",1638610
"89","Anexo II","36000","MINISTERIO DA SAUDE",2,"2019",1317944.91325,1071868.46687,2191514.85513,16334866.16596,7899848.63335,579233.20073,"Ministério da Saúde",3271128
"90","Anexo II","36000","MINISTERIO DA SAUDE",3,"2019",1263064.50604,647408.67817,3454579.36117,14750002.72221,7101190.41066,987695.56505,"Ministério da Saúde",4906692
"91","Anexo II","36000","MINISTERIO DA SAUDE",4,"2019",1722589.66882,393833.37582,5177169.02999,12074917.27455,7869499.26434,969824.49825,"Ministério da Saúde",6542256
"92","Anexo II","36000","MINISTERIO DA SAUDE",5,"2019",1467213.24208,342042.4146,6644382.27207,11421863.582,6842000.03682,1059378.5555,"Ministério da Saúde",8177820
"93","Anexo II","36000","MINISTERIO DA SAUDE",6,"2019",1410050.68498,478342.28024,8054432.95705,10275290.77311,6617856.10789,1008767.1297,"Ministério da Saúde",9813384
"94","Anexo II","36000","MINISTERIO DA SAUDE",7,"2019",3040420.30728,772263.40488,11094853.26433,6905430.00809,6495733.01103,1039919.79838,"Ministério da Saúde",11448948
"95","Anexo II","36000","MINISTERIO DA SAUDE",8,"2019",1639367.60743,494089.55037,12734220.87176,5475168.82169,6410574.88464,997551.56034,"Ministério da Saúde",13084512
"96","Anexo II","36000","MINISTERIO DA SAUDE",9,"2019",1329674.4091,553458.63167,14063895.28086,4180066.64243,6049022.73796,986808.47859,"Ministério da Saúde",14720076
"97","Anexo II","36000","MINISTERIO DA SAUDE",10,"2019",1236193.7658,638873.26189,15300089.04666,2758247.43695,5762745.2837,1083704.28904,"Ministério da Saúde",16355640
"98","Anexo II","36000","MINISTERIO DA SAUDE",11,"2019",1787694.09718,375948.19193,17087783.14384,1467216.98886,5396744.53843,951622.26236,"Ministério da Saúde",17991204
"99","Anexo II","36000","MINISTERIO DA SAUDE",12,"2019",4628374.48029,742954.22408,21716157.62413,236153.098110004,2691354.7347,1273554.08752,"Ministério da Saúde",19626768
"100","Anexo II","37000","CONTROLADORIA-GERAL DA UNIAO",2,"2019",3892.86177,2213.19349,6513.54046,98592.09034,23049.52859,2466.0978,"Controladoria-Geral da União",12235
"101","Anexo II","37000","CONTROLADORIA-GERAL DA UNIAO",3,"2019",4978.37096,1860.1419,11491.91142,93717.7294,22452.06239,1497.07827,"Controladoria-Geral da União",18352
"102","Anexo II","37000","CONTROLADORIA-GERAL DA UNIAO",4,"2019",8272.53777,2712.75303,19764.44919,32971.98612,47315.29177,2585.58945,"Controladoria-Geral da União",28547
"103","Anexo II","37000","CONTROLADORIA-GERAL DA UNIAO",5,"2019",6235.76083,2165.48714,26000.21002,19290.17354,43328.78679,4163.51449,"Controladoria-Geral da União",38743
"104","Anexo II","37000","CONTROLADORIA-GERAL DA UNIAO",6,"2019",5838.82308,1133.61885,31839.0331,17067.48278,37631.06938,3561.61957,"Controladoria-Geral da União",48938
"105","Anexo II","37000","CONTROLADORIA-GERAL DA UNIAO",7,"2019",8014.40141,676.54543,39853.43451,15310.26471,32172.33819,931.18224,"Controladoria-Geral da União",59133
"106","Anexo II","37000","CONTROLADORIA-GERAL DA UNIAO",8,"2019",4697.81144000001,857.57497,44551.24595,9257.46914,29900.17421,508.54832,"Controladoria-Geral da União",69329
"107","Anexo II","37000","CONTROLADORIA-GERAL DA UNIAO",9,"2019",3651.78941,2302.43285,48203.03536,7474.66897,27497.28358,699.37088,"Controladoria-Geral da União",79524
"108","Anexo II","37000","CONTROLADORIA-GERAL DA UNIAO",10,"2019",4019.1789,3290.21053,52222.21426,18156.259,25666.71569,1012.25793,"Controladoria-Geral da União",89720
"109","Anexo II","37000","CONTROLADORIA-GERAL DA UNIAO",11,"2019",6096.24391,3276.56437,58318.45817,6915.6001,35148.0054,803.73728,"Controladoria-Geral da União",99915
"110","Anexo II","37000","CONTROLADORIA-GERAL DA UNIAO",12,"2019",7215.40503,5825.63415,65533.8632,8009.10567,3143.84211,202.74632,"Controladoria-Geral da União",110111
"111","Anexo II","39000","MINISTERIO DA INFRAESTRUTURA",2,"2019",54974.81775,288098.34491,106685.47332,1777365.10836,502332.87628,41295.39512,"Ministério da Infraestrutura",208030
"112","Anexo II","39000","MINISTERIO DA INFRAESTRUTURA",3,"2019",86282.5051,180658.55886,192967.97842,1028661.22374,446285.54417,41105.29641,"Ministério da Infraestrutura",312045
"113","Anexo II","39000","MINISTERIO DA INFRAESTRUTURA",4,"2019",78522.92104,269466.15713,271490.89946,230047.60458,710707.20065,58315.01128,"Ministério da Infraestrutura",485403
"114","Anexo II","39000","MINISTERIO DA INFRAESTRUTURA",5,"2019",97364.21504,242305.01848,368855.1145,202446.60217,660149.47445,39868.37589,"Ministério da Infraestrutura",658761
"115","Anexo II","39000","MINISTERIO DA INFRAESTRUTURA",6,"2019",55995.01977,395728.68349,424850.13427,194946.86881,608888.06732,39172.60042,"Ministério da Infraestrutura",832119
"116","Anexo II","39000","MINISTERIO DA INFRAESTRUTURA",7,"2019",73108.2235,252573.40983,497958.35777,153453.94013,598735.73046,31314.44332,"Ministério da Infraestrutura",1005477
"117","Anexo II","39000","MINISTERIO DA INFRAESTRUTURA",8,"2019",61971.65033,198216.59881,559930.0081,174958.16577,548108.12388,31472.37247,"Ministério da Infraestrutura",1178835
"118","Anexo II","39000","MINISTERIO DA INFRAESTRUTURA",9,"2019",72116.49148,246770.67868,632046.49958,117859.89379,527102.98456,37525.87041,"Ministério da Infraestrutura",1352193
"119","Anexo II","39000","MINISTERIO DA INFRAESTRUTURA",10,"2019",102769.9418,207775.1873,734816.44138,86279.9105999999,454664.33334,34780.34238,"Ministério da Infraestrutura",1525551
"120","Anexo II","39000","MINISTERIO DA INFRAESTRUTURA",11,"2019",70550.5711799999,297205.84098,805367.01256,169495.02968,423766.40195,45630.03654,"Ministério da Infraestrutura",1698910
"121","Anexo II","39000","MINISTERIO DA INFRAESTRUTURA",12,"2019",118806.55403,571625.83562,924173.56659,51697.10205,101403.71533,32521.84697,"Ministério da Infraestrutura",1872268
"122","Anexo II","44000","MINISTERIO DO MEIO AMBIENTE",2,"2019",20855.13489,14104.93179,38102.22097,481217.51658,179650.54346,5741.74649,"Ministério do Meio Ambiente",64657
"123","Anexo II","44000","MINISTERIO DO MEIO AMBIENTE",3,"2019",30291.089,10257.69386,68393.30997,456498.64823,160403.70335,10336.14458,"Ministério do Meio Ambiente",96986
"124","Anexo II","44000","MINISTERIO DO MEIO AMBIENTE",4,"2019",36727.62536,10757.55733,105120.93533,222813.58926,233516.76211,6415.31531,"Ministério do Meio Ambiente",150867
"125","Anexo II","44000","MINISTERIO DO MEIO AMBIENTE",5,"2019",32752.14682,7938.10414,137873.08215,183412.78544,243122.33882,8536.42281,"Ministério do Meio Ambiente",204748
"126","Anexo II","44000","MINISTERIO DO MEIO AMBIENTE",6,"2019",29936.76423,12266.09816,167809.84638,164250.88469,232062.84358,10677.62381,"Ministério do Meio Ambiente",258629
"127","Anexo II","44000","MINISTERIO DO MEIO AMBIENTE",7,"2019",30006.36371,16879.16463,197816.21009,134235.03986,222149.31385,10685.06943,"Ministério do Meio Ambiente",312510
"128","Anexo II","44000","MINISTERIO DO MEIO AMBIENTE",8,"2019",31422.18805,21276.54251,229238.39814,93116.30972,187337.57547,12974.64665,"Ministério do Meio Ambiente",366392
"129","Anexo II","44000","MINISTERIO DO MEIO AMBIENTE",9,"2019",36948.6576,30435.04713,266187.05574,69087.05094,173693.99481,10527.68887,"Ministério do Meio Ambiente",420273
"130","Anexo II","44000","MINISTERIO DO MEIO AMBIENTE",10,"2019",40645.43931,22776.90686,306832.49505,86148.82953,162975.17498,8797.28687,"Ministério do Meio Ambiente",474154
"131","Anexo II","44000","MINISTERIO DO MEIO AMBIENTE",11,"2019",41609.54708,20266.69542,348442.04213,105942.88709,133157.86758,10238.37981,"Ministério do Meio Ambiente",528035
"132","Anexo II","44000","MINISTERIO DO MEIO AMBIENTE",12,"2019",80402.25367,21289.48332,428844.2958,116725.94118,45488.50817,8733.67993,"Ministério do Meio Ambiente",581916
"133","Anexo II","52000","MINISTERIO DA DEFESA",2,"2019",300342.99798315,642602.65848,505203.52806569,2091395.00201858,2444430.45430363,772778.64111108,"Ministério da Defesa",763519
"134","Anexo II","52000","MINISTERIO DA DEFESA",3,"2019",363594.679663942,429310.77998,868798.207729632,2140614.76131334,2176789.98134021,769612.53435,"Ministério da Defesa",1145278
"135","Anexo II","52000","MINISTERIO DA DEFESA",4,"2019",388886.171384991,476072.87061,1257684.37911462,1894909.18961523,2594190.59760311,590526.59888,"Ministério da Defesa",1781544
"136","Anexo II","52000","MINISTERIO DA DEFESA",5,"2019",384589.617524451,648947.98414,1642273.99663907,1140471.61841521,2743448.27130934,621863.1505,"Ministério da Defesa",2417810
"137","Anexo II","52000","MINISTERIO DA DEFESA",6,"2019",450757.345063296,456711.78686,2093031.34170237,984682.589822173,2390199.05956719,714072.938946074,"Ministério da Defesa",3054075
"138","Anexo II","52000","MINISTERIO DA DEFESA",7,"2019",364178.197244304,422163.4685,2457209.53894667,773471.589794809,2246068.63584324,761842.68737,"Ministério da Defesa",3690341
"139","Anexo II","52000","MINISTERIO DA DEFESA",8,"2019",438795.62834955,288401.6269,2896005.16729622,691370.603792339,2067422.95574584,766627.73047385,"Ministério da Defesa",4326607
"140","Anexo II","52000","MINISTERIO DA DEFESA",9,"2019",359965.122004584,256460.6841,3255970.28930081,1083183.95123891,1892607.64030691,794712.847569028,"Ministério da Defesa",4962873
"141","Anexo II","52000","MINISTERIO DA DEFESA",10,"2019",446227.780115316,206318.61811,3702198.06941612,711427.924956824,2086894.57677178,689871.91068451,"Ministério da Defesa",5599138
"142","Anexo II","52000","MINISTERIO DA DEFESA",11,"2019",496392.644225075,619874.6403,4198590.7136412,666694.751266159,2513943.8415396,3591286.6145908,"Ministério da Defesa",6235404
"143","Anexo II","52000","MINISTERIO DA DEFESA",12,"2019",8597867.4672751,637579.0713,12796458.1809163,418028.726361583,484957.61968539,198377.868000001,"Ministério da Defesa",6871670
"144","Anexo II","53000","MINISTERIO DO DESENVOLVIMENTO REGIONAL",2,"2019",68481.0908,198136.13409,172287.22319,2170607.66702,3676862.05743,326436.35216,"Ministério do Desenvolvimento Regional",308724
"145","Anexo II","53000","MINISTERIO DO DESENVOLVIMENTO REGIONAL",3,"2019",64418.51331,324594.45543,236705.7365,1872388.84603,3691828.38835,333118.05965,"Ministério do Desenvolvimento Regional",463085
"146","Anexo II","53000","MINISTERIO DO DESENVOLVIMENTO REGIONAL",4,"2019",80310.51433,201365.2403,317016.25083,561479.67538,3679719.41411,320359.02756,"Ministério do Desenvolvimento Regional",678732
"147","Anexo II","53000","MINISTERIO DO DESENVOLVIMENTO REGIONAL",5,"2019",83490.82676,151374.98978,400507.07759,236963.15945,3624875.91401,317712.97006,"Ministério do Desenvolvimento Regional",894378
"148","Anexo II","53000","MINISTERIO DO DESENVOLVIMENTO REGIONAL",6,"2019",97489.0616300001,469424.24605,497996.13922,176704.41002,3357527.29953,508173.97923,"Ministério do Desenvolvimento Regional",1110024
"149","Anexo II","53000","MINISTERIO DO DESENVOLVIMENTO REGIONAL",7,"2019",97171.0868099999,147629.00538,595167.22603,191236.9744,3274353.08632,515234.11372,"Ministério do Desenvolvimento Regional",1325671
"150","Anexo II","53000","MINISTERIO DO DESENVOLVIMENTO REGIONAL",8,"2019",143944.91597,66538.26045,739112.142,200929.72834,3161714.94013,510249.14204,"Ministério do Desenvolvimento Regional",1541317
"151","Anexo II","53000","MINISTERIO DO DESENVOLVIMENTO REGIONAL",9,"2019",72796.04553,53358.39231,811908.18753,140074.16244,3142703.62365,503186.84655,"Ministério do Desenvolvimento Regional",1756963
"152","Anexo II","53000","MINISTERIO DO DESENVOLVIMENTO REGIONAL",10,"2019",73163.15759,57660.82061,885071.34512,137861.87463,2852551.75695,716814.33153,"Ministério do Desenvolvimento Regional",1972609
"153","Anexo II","53000","MINISTERIO DO DESENVOLVIMENTO REGIONAL",11,"2019",147757.83873,2378675.67804,1032829.18385,1059361.31627,2919709.10803,897087.30287,"Ministério do Desenvolvimento Regional",2188256
"154","Anexo II","53000","MINISTERIO DO DESENVOLVIMENTO REGIONAL",12,"2019",467028.08794,355412.11936,1499857.27179,283238.76271,1818903.2504,821922.91469,"Ministério do Desenvolvimento Regional",2403902
"155","Anexo II","54000","MINISTERIO DO TURISMO",2,"2019",7062.13875,71271.44619,16148.06514,481305.03025,1784660.49865,210169.95885,"Ministério do Turismo",56556
"156","Anexo II","54000","MINISTERIO DO TURISMO",3,"2019",19865.96004,50923.07145,36014.02518,442682.6905,1761016.29946,191913.71664,"Ministério do Turismo",84835
"157","Anexo II","54000","MINISTERIO DO TURISMO",4,"2019",17608.65904,67335.5113,53622.68422,265843.36288,1699680.83894,173119.44252,"Ministério do Turismo",131965
"158","Anexo II","54000","MINISTERIO DO TURISMO",5,"2019",28110.83007,74533.96292,81733.51429,226082.96211,1671547.02149,178565.37264,"Ministério do Turismo",179095
"159","Anexo II","54000","MINISTERIO DO TURISMO",6,"2019",51361.46643,60652.71629,133094.98072,127512.28135,1738110.78465,144814.66136,"Ministério do Turismo",226226
"160","Anexo II","54000","MINISTERIO DO TURISMO",7,"2019",11043.53507,110537.34674,144138.51579,94145.54035,1720744.83891,143196.88369,"Ministério do Turismo",273356
"161","Anexo II","54000","MINISTERIO DO TURISMO",8,"2019",26690.84793,83214.52174,170829.36372,6660.74921999998,1701553.98689,142622.62347,"Ministério do Turismo",320487
"162","Anexo II","54000","MINISTERIO DO TURISMO",9,"2019",28668.8789,65904.77998,199498.24262,7502.28103999998,1571457.44276,130057.38035,"Ministério do Turismo",367617
"163","Anexo II","54000","MINISTERIO DO TURISMO",10,"2019",33673.94803,38010.54273,233172.19065,11354.13601,1326737.7867,338850.60085,"Ministério do Turismo",414747
"164","Anexo II","54000","MINISTERIO DO TURISMO",11,"2019",16203.20483,196696.67525,249375.39548,129552.39887,990925.76611,579343.91247,"Ministério do Turismo",461878
"165","Anexo II","54000","MINISTERIO DO TURISMO",12,"2019",145649.2929,73613.92809,395024.68838,15742.66062,568665.53555,589023.62988,"Ministério do Turismo",509008
"166","Anexo II","55000","MINISTERIO DA CIDADANIA",2,"2019",212559.08753,59168.93526,433487.56032,3980623.20503,2295475.49562,265901.98569,"Ministério da Cidadania",449129
"167","Anexo II","55000","MINISTERIO DA CIDADANIA",3,"2019",217850.10226,81400.99463,651337.66258,3514911.32664,2383757.82963,255367.59827,"Ministério da Cidadania",673693
"168","Anexo II","55000","MINISTERIO DA CIDADANIA",4,"2019",373955.94157,96384.15173,1025293.60415,1914896.90206,2484889.44015,236683.58962,"Ministério da Cidadania",1047967
"169","Anexo II","55000","MINISTERIO DA CIDADANIA",5,"2019",289080.33311,50963.99905,1314373.93726,1685953.75971,2429211.57145,235801.8502,"Ministério da Cidadania",1422241
"170","Anexo II","55000","MINISTERIO DA CIDADANIA",6,"2019",357385.32684,104926.83549,1671759.2641,1376143.64525,2402971.12493,235790.3199,"Ministério da Cidadania",1796514
"171","Anexo II","55000","MINISTERIO DA CIDADANIA",7,"2019",424644.29432,39576.27073,2096403.55842,1007292.79598,2337345.47144,205171.6379,"Ministério da Cidadania",2170788
"172","Anexo II","55000","MINISTERIO DA CIDADANIA",8,"2019",241489.77292,23217.23843,2337893.33134,749591.56954,2342695.23026,212761.70269,"Ministério da Cidadania",2545062
"173","Anexo II","55000","MINISTERIO DA CIDADANIA",9,"2019",183262.31027,108025.58478,2521155.64161,562645.77561,2351676.69932,182944.98809,"Ministério da Cidadania",2919336
"174","Anexo II","55000","MINISTERIO DA CIDADANIA",10,"2019",346369.37384,56392.90633,2867525.01545,470457.57115,1913106.56996,487350.47075,"Ministério da Cidadania",3293610
"175","Anexo II","55000","MINISTERIO DA CIDADANIA",11,"2019",564787.4183,142317.65641,3432312.43375,961622.19987,1548467.78715,599272.33222,"Ministério da Cidadania",3667883
"176","Anexo II","55000","MINISTERIO DA CIDADANIA",12,"2019",1756948.66241,285839.67473,5189261.09616,241586.51944,589102.59549,428466.24233,"Ministério da Cidadania",4042157
"177","Anexo II","63000","ADVOCACIA-GERAL DA UNIAO",2,"2019",21130.24013,2886.61744,49652.83958,376405.4962,126208.17398,15765.89964,"Advocacia-Geral da União",49862
"178","Anexo II","63000","ADVOCACIA-GERAL DA UNIAO",3,"2019",26431.35236,2463.34505,76084.19194,375644.95138,98253.35285,18029.63214,"Advocacia-Geral da União",74793
"179","Anexo II","63000","ADVOCACIA-GERAL DA UNIAO",4,"2019",41927.41788,3562.23452,118011.60982,69850.04593,277487.62023,8425.21127,"Advocacia-Geral da União",116344
"180","Anexo II","63000","ADVOCACIA-GERAL DA UNIAO",5,"2019",31709.96762,3185.06077,149721.57744,21454.84057,257649.97016,13942.58851,"Advocacia-Geral da União",157896
"181","Anexo II","63000","ADVOCACIA-GERAL DA UNIAO",6,"2019",26644.63269,3026.32167,176366.21013,18751.51134,224553.92785,22242.06216,"Advocacia-Geral da União",199448
"182","Anexo II","63000","ADVOCACIA-GERAL DA UNIAO",7,"2019",27823.13755,2232.96577,204189.34768,14774.39858,195799.09703,26830.09775,"Advocacia-Geral da União",240999
"183","Anexo II","63000","ADVOCACIA-GERAL DA UNIAO",8,"2019",28129.18409,2176.17587,232318.53177,7092.33667,174701.17366,25457.05352,"Advocacia-Geral da União",282551
"184","Anexo II","63000","ADVOCACIA-GERAL DA UNIAO",9,"2019",31987.10891,3397.41684,264305.64068,59355.41374,147152.36568,19072.83243,"Advocacia-Geral da União",324102
"185","Anexo II","63000","ADVOCACIA-GERAL DA UNIAO",10,"2019",45027.65307,14526.76561,309333.29375,81038.57522,128327.0163,5318.06326,"Advocacia-Geral da União",365654
"186","Anexo II","63000","ADVOCACIA-GERAL DA UNIAO",11,"2019",45102.63432,7682.00295,354435.92807,44160.64859,123684.09798,5976.82932,"Advocacia-Geral da União",407205
"187","Anexo II","63000","ADVOCACIA-GERAL DA UNIAO",12,"2019",38054.64093,39499.6545,392490.569,29392.35603,28817.61607,3493.30415,"Advocacia-Geral da União",448757
"188","Anexo II","81000","MINIST. MULHER, FAMILIA E DIREITOS HUMANOS",2,"2019",15771.08877,13765.41583,27012.07203,171925.76072,126133.12633,5544.99528,"Ministério da Mulher, da Família e dos Direitos Humanos",39704
"189","Anexo II","81000","MINIST. MULHER, FAMILIA E DIREITOS HUMANOS",3,"2019",8233.32024,2931.4204,35245.39227,158795.16772,128492.04359,5544.95838,"Ministério da Mulher, da Família e dos Direitos Humanos",59557
"190","Anexo II","81000","MINIST. MULHER, FAMILIA E DIREITOS HUMANOS",4,"2019",10749.08716,2625.96544,45994.47943,91807.43825,128754.67071,6028.31375,"Ministério da Mulher, da Família e dos Direitos Humanos",92644
"191","Anexo II","81000","MINIST. MULHER, FAMILIA E DIREITOS HUMANOS",5,"2019",11725.54592,3298.39519,57720.02535,73076.40824,125484.47989,5925.93763,"Ministério da Mulher, da Família e dos Direitos Humanos",125731
"192","Anexo II","81000","MINIST. MULHER, FAMILIA E DIREITOS HUMANOS",6,"2019",8558.49463,4778.46284,66278.51998,74456.98395,120506.42213,7222.15088,"Ministério da Mulher, da Família e dos Direitos Humanos",158818
"193","Anexo II","81000","MINIST. MULHER, FAMILIA E DIREITOS HUMANOS",7,"2019",15754.67212,2142.49696,82033.1921,40844.86821,136344.82707,5983.06082,"Ministério da Mulher, da Família e dos Direitos Humanos",191905
"194","Anexo II","81000","MINIST. MULHER, FAMILIA E DIREITOS HUMANOS",8,"2019",20729.86824,9694.3796,102763.06034,36700.91811,129540.37512,5520.19069,"Ministério da Mulher, da Família e dos Direitos Humanos",224992
"195","Anexo II","81000","MINIST. MULHER, FAMILIA E DIREITOS HUMANOS",9,"2019",20140.97446,23450.68288,122904.0348,48950.47222,113417.00866,16067.57938,"Ministério da Mulher, da Família e dos Direitos Humanos",258079
"196","Anexo II","81000","MINIST. MULHER, FAMILIA E DIREITOS HUMANOS",10,"2019",24408.21741,18973.22521,147312.25221,48893.15945,107071.86328,4981.32366,"Ministério da Mulher, da Família e dos Direitos Humanos",291166
"197","Anexo II","81000","MINIST. MULHER, FAMILIA E DIREITOS HUMANOS",11,"2019",12521.30854,14856.2577,159833.56075,137354.93533,95164.27954,5298.16798,"Ministério da Mulher, da Família e dos Direitos Humanos",324253
"198","Anexo II","81000","MINIST. MULHER, FAMILIA E DIREITOS HUMANOS",12,"2019",52566.59129,10446.85513,212400.15204,10189.23871,26373.21854,5934.53939,"Ministério da Mulher, da Família e dos Direitos Humanos",357340
"199","Anexo III","20000","PRESIDENCIA DA REPUBLICA",2,"2019",7260.10432,1828978.70841,13155.81981,117487.32564,31908.96768,2613.09014,"Presidência da República",13707
"200","Anexo III","20000","PRESIDENCIA DA REPUBLICA",3,"2019",7391.39926,1825199.39436,20547.21907,114358.15926,28390.74063,1281.05947,"Presidência da República",20561
"201","Anexo III","20000","PRESIDENCIA DA REPUBLICA",4,"2019",7061.93435,1828428.60259,27609.15342,58743.98891,36343.51194,878.15286,"Presidência da República",31984
"202","Anexo III","20000","PRESIDENCIA DA REPUBLICA",5,"2019",8809.5598,1831280.16044,36418.71322,20656.15607,38964.93188,1783.15445,"Presidência da República",43407
"203","Anexo III","20000","PRESIDENCIA DA REPUBLICA",6,"2019",6861.2337,1825525.49711,43279.94692,23977.06431,42492.90406,935.0134,"Presidência da República",54829
"204","Anexo III","20000","PRESIDENCIA DA REPUBLICA",7,"2019",6231.03321,1826720.18962,49510.98013,11887.5207,43176.48699,1041.02878,"Presidência da República",66252
"205","Anexo III","20000","PRESIDENCIA DA REPUBLICA",8,"2019",9217.01733,1829362.82648,58727.99746,10048.34335,48782.76326,1740.09077,"Presidência da República",77675
"206","Anexo III","20000","PRESIDENCIA DA REPUBLICA",9,"2019",6875.33646,1835355.7394,65603.33392,9399.7461,43529.09995,2201.88331,"Presidência da República",89098
"207","Anexo III","20000","PRESIDENCIA DA REPUBLICA",10,"2019",9598.1658,1847917.04835,75201.49972,5129.44955,40040.54646,1806.58574,"Presidência da República",100521
"208","Anexo III","20000","PRESIDENCIA DA REPUBLICA",11,"2019",6539.38584999999,1857791.34064,81740.88557,4608.00082,35427.872,1422.0232,"Presidência da República",111944
"209","Anexo III","20000","PRESIDENCIA DA REPUBLICA",12,"2019",22674.59256,1875527.23026,104415.47813,3457.88081,5928.57739999999,8709.61039,"Presidência da República",123366
"210","Anexo III","22000","MINIST. DA AGRICUL.,PECUARIA E ABASTECIMENTO",2,"2019",15867.8238,351341.01116,29638.20085,170605.6418,55816.69528,12796.20831,"Ministério da Agricultura, Pecuária e Abastecimento",21042
"211","Anexo III","22000","MINIST. DA AGRICUL.,PECUARIA E ABASTECIMENTO",3,"2019",13995.89005,378087.03667,43634.0909,162507.59466,50996.3335,11223.97876,"Ministério da Agricultura, Pecuária e Abastecimento",31563
"212","Anexo III","22000","MINIST. DA AGRICUL.,PECUARIA E ABASTECIMENTO",4,"2019",17661.44066,394886.29864,61295.53156,74718.01782,52906.9559,14177.35481,"Ministério da Agricultura, Pecuária e Abastecimento",49098
"213","Anexo III","22000","MINIST. DA AGRICUL.,PECUARIA E ABASTECIMENTO",5,"2019",19444.89872,430915.95625,80740.43028,37202.20257,51357.90091,12587.78507,"Ministério da Agricultura, Pecuária e Abastecimento",66633
"214","Anexo III","22000","MINIST. DA AGRICUL.,PECUARIA E ABASTECIMENTO",6,"2019",10189.87419,471929.83027,90930.30447,31317.06194,46582.36375,11441.98874,"Ministério da Agricultura, Pecuária e Abastecimento",84168
"215","Anexo III","22000","MINIST. DA AGRICUL.,PECUARIA E ABASTECIMENTO",7,"2019",13070.59496,499528.45477,104000.89943,27062.55889,41275.31774,8140.34535,"Ministério da Agricultura, Pecuária e Abastecimento",101702
"216","Anexo III","22000","MINIST. DA AGRICUL.,PECUARIA E ABASTECIMENTO",8,"2019",6336.98014999999,543789.87636,110337.87958,19967.20636,37638.22465,8805.76917,"Ministério da Agricultura, Pecuária e Abastecimento",119237
"217","Anexo III","22000","MINIST. DA AGRICUL.,PECUARIA E ABASTECIMENTO",9,"2019",7300.32926000001,531211.04898,117638.20884,16699.14133,33570.61246,8321.67418,"Ministério da Agricultura, Pecuária e Abastecimento",136772
"218","Anexo III","22000","MINIST. DA AGRICUL.,PECUARIA E ABASTECIMENTO",10,"2019",13604.38192,452554.74377,131242.59076,15886.54612,33394.89349,10716.62539,"Ministério da Agricultura, Pecuária e Abastecimento",154307
"219","Anexo III","22000","MINIST. DA AGRICUL.,PECUARIA E ABASTECIMENTO",11,"2019",8015.69298999999,471097.57979,139258.28375,71063.83046,30225.13918,13773.46693,"Ministério da Agricultura, Pecuária e Abastecimento",171842
"220","Anexo III","22000","MINIST. DA AGRICUL.,PECUARIA E ABASTECIMENTO",12,"2019",18188.16519,398759.61851,157446.44894,12093.26565,13708.66344,10762.07687,"Ministério da Agricultura, Pecuária e Abastecimento",189377
"221","Anexo III","24000","MINIST.DA CIENCIA,TECNOL.,INOV.E COMUNICACOES",2,"2019",45518.058060575,4537977.86694,78771.776612485,448555.53099,51016.614212185,17734.96437,"Ministério da Ciência, Tecnologia, Inovações e Comunicações",57942
"222","Anexo III","24000","MINIST.DA CIENCIA,TECNOL.,INOV.E COMUNICACOES",3,"2019",12539.157683594,4714177.49797,91310.934296079,425118.79982,44235.428749502,19703.63621,"Ministério da Ciência, Tecnologia, Inovações e Comunicações",86913
"223","Anexo III","24000","MINIST.DA CIENCIA,TECNOL.,INOV.E COMUNICACOES",4,"2019",56545.580206942,55095.6048600023,147856.514503021,91377.16657,242314.781108153,26840.85885,"Ministério da Ciência, Tecnologia, Inovações e Comunicações",135197
"224","Anexo III","24000","MINIST.DA CIENCIA,TECNOL.,INOV.E COMUNICACOES",5,"2019",39698.256559677,20174.8658900023,187554.771062698,74626.42514,280601.419802008,25951.09863,"Ministério da Ciência, Tecnologia, Inovações e Comunicações",183482
"225","Anexo III","24000","MINIST.DA CIENCIA,TECNOL.,INOV.E COMUNICACOES",6,"2019",34980.27626381,23901.0319400023,222535.047326508,74223.95834,248554.549904924,23985.350778478,"Ministério da Ciência, Tecnologia, Inovações e Comunicações",231767
"226","Anexo III","24000","MINIST.DA CIENCIA,TECNOL.,INOV.E COMUNICACOES",7,"2019",30905.675974947,24792.4079900023,253440.723301455,35124.79622,216357.251647021,29082.82455,"Ministério da Ciência, Tecnologia, Inovações e Comunicações",280052
"227","Anexo III","24000","MINIST.DA CIENCIA,TECNOL.,INOV.E COMUNICACOES",8,"2019",50808.140792695,27813.4721200023,304248.86409415,31447.69632,190902.963491405,7579.45864,"Ministério da Ciência, Tecnologia, Inovações e Comunicações",328336
"228","Anexo III","24000","MINIST.DA CIENCIA,TECNOL.,INOV.E COMUNICACOES",9,"2019",31003.717342014,121129.646470002,335252.581436164,37519.98796,154879.53835882,14788.92934,"Ministério da Ciência, Tecnologia, Inovações e Comunicações",376621
"229","Anexo III","24000","MINIST.DA CIENCIA,TECNOL.,INOV.E COMUNICACOES",10,"2019",65702.020418138,51965.6647200023,400954.601854302,13378.94237,104922.740434544,12090.94056,"Ministério da Ciência, Tecnologia, Inovações e Comunicações",424906
"230","Anexo III","24000","MINIST.DA CIENCIA,TECNOL.,INOV.E COMUNICACOES",11,"2019",41845.025712578,63057.7644900023,442799.62756688,25442.77823,86019.71547184,5422.11701,"Ministério da Ciência, Tecnologia, Inovações e Comunicações",473190
"231","Anexo III","24000","MINIST.DA CIENCIA,TECNOL.,INOV.E COMUNICACOES",12,"2019",56146.12323386,13980.9692900023,498945.75080074,3312.59024999999,5546.17137061401,14042.51715,"Ministério da Ciência, Tecnologia, Inovações e Comunicações",521475
"232","Anexo III","25000","MINISTERIO DA ECONOMIA",2,"2019",688180.71127,3253224.02857,844576.08299,4225512.8357,774960.6446,101261.64896,"Ministério da Economia",1026166
"233","Anexo III","25000","MINISTERIO DA ECONOMIA",3,"2019",272836.98713,2149920.54474,1117413.07012,3807928.4586,911466.20498,82157.26567,"Ministério da Economia",1239249
"234","Anexo III","25000","MINISTERIO DA ECONOMIA",4,"2019",293561.89135,2165535.66096,1410974.96147,2229196.60454,1122763.8991,63781.11868,"Ministério da Economia",1627721
"235","Anexo III","25000","MINISTERIO DA ECONOMIA",5,"2019",283269.49159,2129566.94797,1694244.45306,1030303.96849,1809594.7769,77271.45188,"Ministério da Economia",2016193
"236","Anexo III","25000","MINISTERIO DA ECONOMIA",6,"2019",803767.36556,2365520.16954,2498011.81862,895312.29918,1123006.09679,81781.4298,"Ministério da Economia",2404665
"237","Anexo III","25000","MINISTERIO DA ECONOMIA",7,"2019",292265.99813,2243544.46872,2790277.81675,827326.98602,1038843.55077,34870.51453,"Ministério da Economia",2793136
"238","Anexo III","25000","MINISTERIO DA ECONOMIA",8,"2019",266383.4833,2333183.27727,3056661.30005,506444.18376,783984.50457,139417.97607,"Ministério da Economia",3181608
"239","Anexo III","25000","MINISTERIO DA ECONOMIA",9,"2019",299813.750970001,2300777.9775,3356475.05102,383813.89768,764485.24682,90607.2894,"Ministério da Economia",3570080
"240","Anexo III","25000","MINISTERIO DA ECONOMIA",10,"2019",430587.649909999,2423392.96952,3787062.70093,387615.59665,717657.66276,59806.72006,"Ministério da Economia",3958552
"241","Anexo III","25000","MINISTERIO DA ECONOMIA",11,"2019",236614.51332,2053131.13674,4023677.21425,789806.94884,717257.60102,35974.34561,"Ministério da Economia",4347024
"242","Anexo III","25000","MINISTERIO DA ECONOMIA",12,"2019",683930.45868,2134766.16059,4707607.67293,367184.78276,143683.03914,27278.74241,"Ministério da Economia",4735495
"243","Anexo III","26000","MINISTERIO DA EDUCACAO",2,"2019",71818.282748878,655726.46925,161623.321865455,267247.00259,627221.978843535,22902.84717,"Ministério da Educação",160450
"244","Anexo III","26000","MINISTERIO DA EDUCACAO",3,"2019",47851.824307603,664526.77743,209475.146173058,267843.59534,587825.04361,16960.76762,"Ministério da Educação",240675
"245","Anexo III","26000","MINISTERIO DA EDUCACAO",4,"2019",44972.374996964,647875.8637,254447.521170022,263273.01842,546914.51828,15123.55083,"Ministério da Educação",374384
"246","Anexo III","26000","MINISTERIO DA EDUCACAO",5,"2019",34711.808615596,830823.21071,289159.329785618,257666.05828,517410.1402,13598.11374,"Ministério da Educação",508093
"247","Anexo III","26000","MINISTERIO DA EDUCACAO",6,"2019",34559.30813721,841814.19623,323718.637922828,198366.004,485636.94806,11148.03739,"Ministério da Educação",641801
"248","Anexo III","26000","MINISTERIO DA EDUCACAO",7,"2019",34874.367146151,813111.29307,358593.005068979,108716.614133211,623319.72469,9125.45303,"Ministério da Educação",775510
"249","Anexo III","26000","MINISTERIO DA EDUCACAO",8,"2019",45124.4887082409,830591.29014,403717.49377722,66388.46608113,626093.081246,9215.78851,"Ministério da Educação",909218
"250","Anexo III","26000","MINISTERIO DA EDUCACAO",9,"2019",13181.7380155481,861688.50632,416899.231792768,40974.57273,631104.962822872,8010.87337,"Ministério da Educação",1042927
"251","Anexo III","26000","MINISTERIO DA EDUCACAO",10,"2019",23239.119118942,855611.98039,440138.35091171,16658.62184,616530.97429,8144.01399,"Ministério da Educação",1176635
"252","Anexo III","26000","MINISTERIO DA EDUCACAO",11,"2019",25225.90593269,839085.89826,465364.2568444,120998.43177,582581.82428,7062.85965,"Ministério da Educação",1310344
"253","Anexo III","26000","MINISTERIO DA EDUCACAO",12,"2019",150324.67094377,700702.94013,615688.92778817,6238.46425,339468.83911,19446.14726,"Ministério da Educação",1444052
"254","Anexo III","30000","MINISTERIO DA JUSTICA E SEGURANCA PUBLICA",2,"2019",2271.28437,332466.38548,6513.74892,53855.33173,47311.23466,192.55461,"Ministério da Justiça e Segurança Pública",7689
"255","Anexo III","30000","MINISTERIO DA JUSTICA E SEGURANCA PUBLICA",3,"2019",2474.14562,335555.94522,8987.89454,69144.69579,45141.11153,616.11593,"Ministério da Justiça e Segurança Pública",11534
"256","Anexo III","30000","MINISTERIO DA JUSTICA E SEGURANCA PUBLICA",4,"2019",3152.58348,336270.1025,12140.47802,51076.46625,46522.27052,1641.35654,"Ministério da Justiça e Segurança Pública",17941
"257","Anexo III","30000","MINISTERIO DA JUSTICA E SEGURANCA PUBLICA",5,"2019",2727.54052,340928.43036,14868.01854,24122.3186,43013.72575,186.94986,"Ministério da Justiça e Segurança Pública",24349
"258","Anexo III","30000","MINISTERIO DA JUSTICA E SEGURANCA PUBLICA",6,"2019",2243.14431,352441.9128,17111.16285,24224.69462,40191.77006,208.49923,"Ministério da Justiça e Segurança Pública",30757
"259","Anexo III","30000","MINISTERIO DA JUSTICA E SEGURANCA PUBLICA",7,"2019",3355.91946,369366.16193,20467.08231,20440.25299,37123.69882,323.08564,"Ministério da Justiça e Segurança Pública",37165
"260","Anexo III","30000","MINISTERIO DA JUSTICA E SEGURANCA PUBLICA",8,"2019",3116.30489,378537.1084,23583.3872,25048.74038,40688.12066,319.33242,"Ministério da Justiça e Segurança Pública",43572
"261","Anexo III","30000","MINISTERIO DA JUSTICA E SEGURANCA PUBLICA",9,"2019",1833.26133,364046.20013,25416.64853,22272.88831,43290.47584,391.93514,"Ministério da Justiça e Segurança Pública",49980
"262","Anexo III","30000","MINISTERIO DA JUSTICA E SEGURANCA PUBLICA",10,"2019",3148.0547,370608.75983,28564.70323,15030.8804,55172.25177,229.29658,"Ministério da Justiça e Segurança Pública",56388
"263","Anexo III","30000","MINISTERIO DA JUSTICA E SEGURANCA PUBLICA",11,"2019",9173.55701,354888.21886,37738.26024,12296.60531,39527.59257,557.76007,"Ministério da Justiça e Segurança Pública",62795
"264","Anexo III","30000","MINISTERIO DA JUSTICA E SEGURANCA PUBLICA",12,"2019",11628.93449,358422.37405,49367.19473,6895.36656000001,19720.18089,677.37933,"Ministério da Justiça e Segurança Pública",69203
"265","Anexo III","32000","MINISTERIO DE MINAS E ENERGIA",2,"2019",24516.9083,124662.20452,88815.0548,407848.10879,200110.37967,15811.17412,"Ministério de Minas e Energia",52092
"266","Anexo III","32000","MINISTERIO DE MINAS E ENERGIA",3,"2019",16825.47155,131261.48634,105640.52635,407557.69675,189598.78159,14307.47462,"Ministério de Minas e Energia",78138
"267","Anexo III","32000","MINISTERIO DE MINAS E ENERGIA",4,"2019",53358.01191,57772.36881,158998.53826,175958.04243,233473.64022,20091.30699,"Ministério de Minas e Energia",121549
"268","Anexo III","32000","MINISTERIO DE MINAS E ENERGIA",5,"2019",24245.67921,63012.12066,183244.21747,36398.49865,308667.58674,17195.83646,"Ministério de Minas e Energia",164959
"269","Anexo III","32000","MINISTERIO DE MINAS E ENERGIA",6,"2019",15189.41343,21474.91376,198433.6309,57724.11886,274559.05165,14724.84782,"Ministério de Minas e Energia",208369
"270","Anexo III","32000","MINISTERIO DE MINAS E ENERGIA",7,"2019",28043.25031,31400.51638,226476.88121,20521.16914,277051.58987,16001.99735,"Ministério de Minas e Energia",251780
"271","Anexo III","32000","MINISTERIO DE MINAS E ENERGIA",8,"2019",11107.89641,23713.23283,237584.77762,12456.42338,287093.04758,14322.01119,"Ministério de Minas e Energia",295190
"272","Anexo III","32000","MINISTERIO DE MINAS E ENERGIA",9,"2019",22956.50021,28150.25087,260541.27783,9223.39099999998,268734.0461,12939.65258,"Ministério de Minas e Energia",338600
"273","Anexo III","32000","MINISTERIO DE MINAS E ENERGIA",10,"2019",23391.93549,79571.6258,283933.21332,45365.73771,399871.35738,14681.39232,"Ministério de Minas e Energia",382010
"274","Anexo III","32000","MINISTERIO DE MINAS E ENERGIA",11,"2019",133170.32071,39352.59939,417103.53403,44698.41741,287567.93248,14155.06157,"Ministério de Minas e Energia",425421
"275","Anexo III","32000","MINISTERIO DE MINAS E ENERGIA",12,"2019",175383.24587,62067.67828,592486.7799,32149.50256,18773.97594,12747.17763,"Ministério de Minas e Energia",468831
"276","Anexo III","35000","MINISTERIO DAS RELACOES EXTERIORES",2,"2019",157.512503586,5203.56639,775.81510665,3510.95746386,0.00088,3.538870594,"Ministério das Relações Exteriores",481
"277","Anexo III","35000","MINISTERIO DAS RELACOES EXTERIORES",3,"2019",772.710138098,5333.42341,1548.525244748,2945.743923094,0.0462,89.7817386465,"Ministério das Relações Exteriores",721
"278","Anexo III","35000","MINISTERIO DAS RELACOES EXTERIORES",4,"2019",365.241011089,5036.7841,1913.766255837,2064.83821361,0.15243,3.66814666149999,"Ministério das Relações Exteriores",1122
"279","Anexo III","35000","MINISTERIO DAS RELACOES EXTERIORES",5,"2019",286.9800057835,5368.23447,2200.7462616205,1705.654567071,40.54757,1.78844999999999,"Ministério das Relações Exteriores",1523
"280","Anexo III","35000","MINISTERIO DAS RELACOES EXTERIORES",6,"2019",557.1799010875,5668.56459,2757.926162708,1367.498468868,351.25376,48.90561,"Ministério das Relações Exteriores",1923
"281","Anexo III","35000","MINISTERIO DAS RELACOES EXTERIORES",7,"2019",929.060702934,5644.70563,3686.986865642,772.866788541,319.52466,221.59333,"Ministério das Relações Exteriores",2324
"282","Anexo III","35000","MINISTERIO DAS RELACOES EXTERIORES",8,"2019",1036.2155049755,6532.63054,4723.2023706175,347.25532073,484.69427,0.103000000000006,"Ministério das Relações Exteriores",2725
"283","Anexo III","35000","MINISTERIO DAS RELACOES EXTERIORES",9,"2019",357.377413016001,6831.85489,5080.5797836335,1381.818090416,485.69044,15.86149,"Ministério das Relações Exteriores",3125
"284","Anexo III","35000","MINISTERIO DAS RELACOES EXTERIORES",10,"2019",986.38655129625,6556.24806,6066.96633492975,874.83297685,143.70759,1.11300000000001,"Ministério das Relações Exteriores",3526
"285","Anexo III","35000","MINISTERIO DAS RELACOES EXTERIORES",11,"2019",907.40258437315,7283.70326,6974.3689193029,331.2611372,818.46246,1.82300000000001,"Ministério das Relações Exteriores",3927
"286","Anexo III","35000","MINISTERIO DAS RELACOES EXTERIORES",12,"2019",815.229404328699,6846.15577,7789.5983236316,137.730955664,0.000880000000033817,0.103000000000006,"Ministério das Relações Exteriores",4327
"287","Anexo III","36000","MINISTERIO DA SAUDE",2,"2019",2064.29173,7367.78608,5481.84116,28927.45592,12484.86933,626.71827,"Ministério da Saúde",5553
"288","Anexo III","36000","MINISTERIO DA SAUDE",3,"2019",1890.1732,1615.11523,7372.01436,27737.82195,12166.87464,519.34083,"Ministério da Saúde",8329
"289","Anexo III","36000","MINISTERIO DA SAUDE",4,"2019",2232.10034,5080.19485,9604.1147,26859.83184,10681.7287,668.62567,"Ministério da Saúde",11106
"290","Anexo III","36000","MINISTERIO DA SAUDE",5,"2019",2441.94664,4001.1238,12046.06134,26477.31768,9050.29513,223.28366,"Ministério da Saúde",13882
"291","Anexo III","36000","MINISTERIO DA SAUDE",6,"2019",531.008460000001,5339.43183,12577.0698,25414.24176,9653.57846,151.78613,"Ministério da Saúde",16658
"292","Anexo III","36000","MINISTERIO DA SAUDE",7,"2019",3340.30151,3095.7998,15917.37131,24920.87323,6478.0042,321.71626,"Ministério da Saúde",19435
"293","Anexo III","36000","MINISTERIO DA SAUDE",8,"2019",1080.03245,5851.05482,16997.40376,16967.88254,5827.19385,431.36953,"Ministério da Saúde",22211
"294","Anexo III","36000","MINISTERIO DA SAUDE",9,"2019",1660.36333,5438.12692,18657.76709,14559.26217,5203.01968,379.69212,"Ministério da Saúde",24987
"295","Anexo III","36000","MINISTERIO DA SAUDE",10,"2019",1668.60886,6211.77819,20326.37595,13269.83176,4400.88009,111.17833,"Ministério da Saúde",27764
"296","Anexo III","36000","MINISTERIO DA SAUDE",11,"2019",918.093350000001,6037.4012,21244.4693,11811.28886,4954.8849,20.6313,"Ministério da Saúde",30540
"297","Anexo III","36000","MINISTERIO DA SAUDE",12,"2019",2527.61578,1720.89611,23772.08508,11367.7222,1574.08496,0.397999999999982,"Ministério da Saúde",33317
"298","Anexo III","39000","MINISTERIO DA INFRAESTRUTURA",2,"2019",21178.80696,2293329.18663,37026.15611,256063.00797,54663.34248,4285.04241,"Ministério da Infraestrutura",33269
"299","Anexo III","39000","MINISTERIO DA INFRAESTRUTURA",3,"2019",14756.59754,2308725.817,51782.75365,248934.31874,47030.83108,2922.23087,"Ministério da Infraestrutura",49903
"300","Anexo III","39000","MINISTERIO DA INFRAESTRUTURA",4,"2019",32412.37222,2303885.86918,84195.12587,55137.0477,145131.64713,4751.18741,"Ministério da Infraestrutura",77627
"301","Anexo III","39000","MINISTERIO DA INFRAESTRUTURA",5,"2019",22592.87985,2289313.87665,106788.00572,45059.63728,160614.42474,4959.30567,"Ministério da Infraestrutura",105351
"302","Anexo III","39000","MINISTERIO DA INFRAESTRUTURA",6,"2019",21863.93708,2306450.56046,128651.9428,42580.43287,139835.63251,5705.13793,"Ministério da Infraestrutura",133074
"303","Anexo III","39000","MINISTERIO DA INFRAESTRUTURA",7,"2019",20942.15117,2312746.7606,149594.09397,38183.7152,123018.44248,5427.87339,"Ministério da Infraestrutura",160798
"304","Anexo III","39000","MINISTERIO DA INFRAESTRUTURA",8,"2019",22118.74335,2328441.10773,171712.83732,47519.52327,105856.43993,6173.91863,"Ministério da Infraestrutura",188522
"305","Anexo III","39000","MINISTERIO DA INFRAESTRUTURA",9,"2019",15775.01865,2346022.63311,187487.85597,35329.30644,96338.69471,3223.37709,"Ministério da Infraestrutura",216246
"306","Anexo III","39000","MINISTERIO DA INFRAESTRUTURA",10,"2019",20100.21385,2344150.56399,207588.06982,44114.05253,82953.84017,2473.71863,"Ministério da Infraestrutura",243970
"307","Anexo III","39000","MINISTERIO DA INFRAESTRUTURA",11,"2019",18692.23111,2381416.72881,226280.30093,44492.85447,68099.93029,5854.51202,"Ministério da Infraestrutura",271694
"308","Anexo III","39000","MINISTERIO DA INFRAESTRUTURA",12,"2019",26381.65778,2371775.03047,252661.95871,18478.52587,4683.70535,2566.21746,"Ministério da Infraestrutura",299417
"309","Anexo III","44000","MINISTERIO DO MEIO AMBIENTE",2,"2019",13640.67393,110668.77658,24997.07047,208028.70973,70391.45939,2770.05218,"Ministério do Meio Ambiente",26579
"310","Anexo III","44000","MINISTERIO DO MEIO AMBIENTE",3,"2019",11943.82388,127534.03396,36940.89435,195428.53496,59776.22982,3081.65322,"Ministério do Meio Ambiente",39869
"311","Anexo III","44000","MINISTERIO DO MEIO AMBIENTE",4,"2019",19599.83141,138595.94363,56540.72576,54570.46079,117659.85669,4456.08713,"Ministério do Meio Ambiente",62018
"312","Anexo III","44000","MINISTERIO DO MEIO AMBIENTE",5,"2019",16300.9826,142952.32131,72841.70836,50397.28101,105958.48964,14127.72563,"Ministério do Meio Ambiente",84167
"313","Anexo III","44000","MINISTERIO DO MEIO AMBIENTE",6,"2019",19863.10885,140429.96103,92704.81721,32609.4268,105495.17117,15864.0896,"Ministério do Meio Ambiente",106316
"314","Anexo III","44000","MINISTERIO DO MEIO AMBIENTE",7,"2019",27638.01439,131813.97014,120342.8316,20501.91428,106507.99776,3739.78587,"Ministério do Meio Ambiente",128465
"315","Anexo III","44000","MINISTERIO DO MEIO AMBIENTE",8,"2019",15367.08052,133499.46823,135709.91212,21435.12512,100513.656,7394.11436,"Ministério do Meio Ambiente",150615
"316","Anexo III","44000","MINISTERIO DO MEIO AMBIENTE",9,"2019",24732.66454,168157.25316,160442.57666,10830.91492,89069.53324,5104.52182,"Ministério do Meio Ambiente",172764
"317","Anexo III","44000","MINISTERIO DO MEIO AMBIENTE",10,"2019",24938.67996,167325.93617,185381.25662,9473.78861000001,93189.36588,3411.80664,"Ministério do Meio Ambiente",194913
"318","Anexo III","44000","MINISTERIO DO MEIO AMBIENTE",11,"2019",21547.72064,157535.92779,206928.97726,14066.97306,72721.0419,2069.92599,"Ministério do Meio Ambiente",217062
"319","Anexo III","44000","MINISTERIO DO MEIO AMBIENTE",12,"2019",34366.30251,152305.7732,241295.27977,11989.97857,7331.66873999997,1948.30691,"Ministério do Meio Ambiente",239212
"320","Anexo III","52000","MINISTERIO DA DEFESA",2,"2019",90388.300176978,235920.1439,172257.883173485,695310.534397695,783196.01393684,45019.42621354,"Ministério da Defesa",200753
"321","Anexo III","52000","MINISTERIO DA DEFESA",3,"2019",256713.628808329,201758.86088,428971.511981814,497693.908924943,696391.143187842,45593.14813327,"Ministério da Defesa",301129
"322","Anexo III","52000","MINISTERIO DA DEFESA",4,"2019",163001.231481001,370581.96547,591972.743462815,915775.368301008,783617.657714849,34067.382403039,"Ministério da Defesa",468423
"323","Anexo III","52000","MINISTERIO DA DEFESA",5,"2019",154729.253664996,200744.86362,746701.997127811,467053.157189023,875312.148008193,58302.28922967,"Ministério da Defesa",635717
"324","Anexo III","52000","MINISTERIO DA DEFESA",6,"2019",168002.002616083,211840.88396,914703.999743894,404175.786004694,747384.056343296,55735.83631878,"Ministério da Defesa",803011
"325","Anexo III","52000","MINISTERIO DA DEFESA",7,"2019",139317.943563299,204322.95685,1054021.94330719,338182.884819791,675169.509031561,46408.173632152,"Ministério da Defesa",970305
"326","Anexo III","52000","MINISTERIO DA DEFESA",8,"2019",135407.805395387,204039.04634,1189429.74870258,274604.642393145,602926.11665399,81139.790189735,"Ministério da Defesa",1137599
"327","Anexo III","52000","MINISTERIO DA DEFESA",9,"2019",119796.404443536,389570.27269,1309226.15314612,494552.285569952,556710.42248486,85027.152656552,"Ministério da Defesa",1304893
"328","Anexo III","52000","MINISTERIO DA DEFESA",10,"2019",157451.215952898,235134.62912,1466677.36909901,288465.451941568,606383.584875359,53982.290832397,"Ministério da Defesa",1472187
"329","Anexo III","52000","MINISTERIO DA DEFESA",11,"2019",203416.444841066,222654.8897,1670093.81394008,153054.64068112,809059.43737088,30375.44274992,"Ministério da Defesa",1639481
"330","Anexo III","52000","MINISTERIO DA DEFESA",12,"2019",241164.25117039,229766.84262,1911258.06511047,2785.96466079094,94183.2622657761,7241.28695914898,"Ministério da Defesa",1806775
"331","Anexo III","53000","MINISTERIO DO DESENVOLVIMENTO REGIONAL",2,"2019",8658.30902,42102.95639,10976.9448,389553.83474,59996.18062,6913.0045,"Ministério do Desenvolvimento Regional",38926
"332","Anexo III","53000","MINISTERIO DO DESENVOLVIMENTO REGIONAL",3,"2019",8935.955,40427.25251,19912.8998,276810.83046,56558.87454,9171.8798,"Ministério do Desenvolvimento Regional",58389
"333","Anexo III","53000","MINISTERIO DO DESENVOLVIMENTO REGIONAL",4,"2019",14968.13854,52381.17794,34881.03834,114548.09899,53369.31636,13457.80352,"Ministério do Desenvolvimento Regional",85579
"334","Anexo III","53000","MINISTERIO DO DESENVOLVIMENTO REGIONAL",5,"2019",19432.53531,40349.68677,54313.57365,83869.71306,80831.34164,14027.47223,"Ministério do Desenvolvimento Regional",112769
"335","Anexo III","53000","MINISTERIO DO DESENVOLVIMENTO REGIONAL",6,"2019",19549.8681,67235.13539,73863.44175,71251.59202,69925.04303,14576.81361,"Ministério do Desenvolvimento Regional",139960
"336","Anexo III","53000","MINISTERIO DO DESENVOLVIMENTO REGIONAL",7,"2019",20581.79113,38815.51664,94445.23288,46817.69944,62166.29104,21600.91812,"Ministério do Desenvolvimento Regional",167150
"337","Anexo III","53000","MINISTERIO DO DESENVOLVIMENTO REGIONAL",8,"2019",22001.38534,75239.17234,116446.61822,29555.13008,61997.21428,18637.92993,"Ministério do Desenvolvimento Regional",194340
"338","Anexo III","53000","MINISTERIO DO DESENVOLVIMENTO REGIONAL",9,"2019",13810.3438,54764.41534,130256.96202,22019.69726,57479.844,17898.61921,"Ministério do Desenvolvimento Regional",221530
"339","Anexo III","53000","MINISTERIO DO DESENVOLVIMENTO REGIONAL",10,"2019",18992.13711,93981.06927,149249.09913,51417.0028,59577.13934,24391.7366,"Ministério do Desenvolvimento Regional",248720
"340","Anexo III","53000","MINISTERIO DO DESENVOLVIMENTO REGIONAL",11,"2019",15980.80705,55699.8903,165229.90618,77839.33173,60953.49383,29405.91791,"Ministério do Desenvolvimento Regional",275911
"341","Anexo III","53000","MINISTERIO DO DESENVOLVIMENTO REGIONAL",12,"2019",33549.91463,49730.53546,198779.82081,13285.05839,10266.77037,29906.11254,"Ministério do Desenvolvimento Regional",303101
"342","Anexo III","54000","MINISTERIO DO TURISMO",2,"2019",219.70399,1002.91731,219.70399,1765.114,101.29601,0,"Ministério do Turismo",232
"343","Anexo III","54000","MINISTERIO DO TURISMO",3,"2019",52.97398,991.11898,272.67797,1531.15043,282.2856,0,"Ministério do Turismo",348
"344","Anexo III","54000","MINISTERIO DO TURISMO",4,"2019",72.92667,957.33159,345.60464,730.04486,498.3225,0,"Ministério do Turismo",541
"345","Anexo III","54000","MINISTERIO DO TURISMO",5,"2019",217.93309,1057.05428,563.53773,370.28062,640.15365,0,"Ministério do Turismo",734
"346","Anexo III","54000","MINISTERIO DO TURISMO",6,"2019",178.20238,956.92797,741.74011,353.28062,478.95127,0,"Ministério do Turismo",927
"347","Anexo III","54000","MINISTERIO DO TURISMO",7,"2019",83.97266,1357.65314,825.71277,5.82076609134674e-14,748.25923,0,"Ministério do Turismo",1120
"348","Anexo III","54000","MINISTERIO DO TURISMO",8,"2019",135.80294,1169.48467,961.51571,5.82076609134674e-14,612.45629,0,"Ministério do Turismo",1313
"349","Anexo III","54000","MINISTERIO DO TURISMO",9,"2019",0,2494.42947,961.51571,405.97157,206.48472,0,"Ministério do Turismo",1507
"350","Anexo III","54000","MINISTERIO DO TURISMO",10,"2019",0,1067.02474,961.51571,405.97157,205.6166,0.86812,"Ministério do Turismo",1700
"351","Anexo III","54000","MINISTERIO DO TURISMO",11,"2019",77.72126,1702.49472,1039.23697,918.11357,128.76346,0,"Ministério do Turismo",1893
"352","Anexo III","54000","MINISTERIO DO TURISMO",12,"2019",22.69328,1252.80781,1061.93025,822.11641,-1.4210854715202e-14,0,"Ministério do Turismo",2086
"353","Anexo III","55000","MINISTERIO DA CIDADANIA",2,"2019",4410.67794,286758.08166,5346.68149,33941.1382,41173.41051,94.08775,"Ministério da Cidadania",8278
"354","Anexo III","55000","MINISTERIO DA CIDADANIA",3,"2019",7146.57144,376383.35488,12493.25293,33941.0212,34939.58952,49.03594,"Ministério da Cidadania",12417
"355","Anexo III","55000","MINISTERIO DA CIDADANIA",4,"2019",5515.24795,351214.56905,18008.50088,45075.66931,17336.19919,80.99074,"Ministério da Cidadania",19316
"356","Anexo III","55000","MINISTERIO DA CIDADANIA",5,"2019",1820.11608,202195.98781,19828.61696,42329.51131,18174.88075,44.0061,"Ministério da Cidadania",26215
"357","Anexo III","55000","MINISTERIO DA CIDADANIA",6,"2019",1232.18783,204039.8723,21060.80479,34175.51131,17989.89841,8379.31718,"Ministério da Cidadania",33113
"358","Anexo III","55000","MINISTERIO DA CIDADANIA",7,"2019",10004.70059,193979.13374,31065.50538,14052.86877,17703.36944,26.6823900000001,"Ministério da Cidadania",40012
"359","Anexo III","55000","MINISTERIO DA CIDADANIA",8,"2019",3675.4652,249449.52924,34740.97058,10329.26995,18411.30903,25.2504200000001,"Ministério da Cidadania",46910
"360","Anexo III","55000","MINISTERIO DA CIDADANIA",9,"2019",3713.90504,250798.68991,38454.87562,7271.61218,15201.54301,312.73517,"Ministério da Cidadania",53809
"361","Anexo III","55000","MINISTERIO DA CIDADANIA",10,"2019",6912.58069000001,246860.56639,45367.45631,11851.69376,11895.68509,125.93082,"Ministério da Cidadania",60707
"362","Anexo III","55000","MINISTERIO DA CIDADANIA",11,"2019",2288.45576,200635.32252,47655.91207,20389.67809,9793.33621,25.2504200000001,"Ministério da Cidadania",67606
"363","Anexo III","55000","MINISTERIO DA CIDADANIA",12,"2019",4692.38851,240793.03891,52348.30058,4816.18536,5765.46003,25.5447700000001,"Ministério da Cidadania",74505
"364","Anexo III","63000","ADVOCACIA-GERAL DA UNIAO",2,"2019",0,4449.85692,6.8,1242.953,1921.9577,25.4394,"Advocacia-Geral da União",138
"365","Anexo III","63000","ADVOCACIA-GERAL DA UNIAO",3,"2019",0,4449.85692,6.8,1242.953,1921.9577,25.4394,"Advocacia-Geral da União",207
"366","Anexo III","63000","ADVOCACIA-GERAL DA UNIAO",4,"2019",532.28476,4078.28198,539.08476,0,1389.67294,25.4394,"Advocacia-Geral da União",322
"367","Anexo III","63000","ADVOCACIA-GERAL DA UNIAO",5,"2019",25.4394,4822.76501,564.52416,0,1389.67294,0,"Advocacia-Geral da União",437
"368","Anexo III","63000","ADVOCACIA-GERAL DA UNIAO",6,"2019",5.20364000000001,4817.46637,569.7278,0,1384.4693,0,"Advocacia-Geral da União",552
"369","Anexo III","63000","ADVOCACIA-GERAL DA UNIAO",7,"2019",2.1587699999999,4817.98979,571.88657,0,1384.99272,0,"Advocacia-Geral da União",668
"370","Anexo III","63000","ADVOCACIA-GERAL DA UNIAO",8,"2019",931.49826,4127.27604,1503.38483,0,451.97397,0,"Advocacia-Geral da União",783
"371","Anexo III","63000","ADVOCACIA-GERAL DA UNIAO",9,"2019",0,4127.27604,1503.38483,0,451.97397,0,"Advocacia-Geral da União",898
"372","Anexo III","63000","ADVOCACIA-GERAL DA UNIAO",10,"2019",0,4127.27604,1503.38483,0,451.97397,0,"Advocacia-Geral da União",1013
"373","Anexo III","63000","ADVOCACIA-GERAL DA UNIAO",11,"2019",0,4148.19204,1503.38483,1242.953,471.72997,0,"Advocacia-Geral da União",1128
"374","Anexo III","63000","ADVOCACIA-GERAL DA UNIAO",12,"2019",13.3056699999999,4138.8727,1516.6905,1242.953,450.81397,0,"Advocacia-Geral da União",1243
"375","Anexo III","81000","MINIST. MULHER, FAMILIA E DIREITOS HUMANOS",2,"2019",0,11.9108900000006,0,16000,4337.92731,116.147,"Ministério da Mulher, da Família e dos Direitos Humanos",1781
"376","Anexo III","81000","MINIST. MULHER, FAMILIA E DIREITOS HUMANOS",3,"2019",485.14967,4.8871400000006,485.14967,16000,3852.77764,116.147,"Ministério da Mulher, da Família e dos Direitos Humanos",2672
"377","Anexo III","81000","MINIST. MULHER, FAMILIA E DIREITOS HUMANOS",4,"2019",649.65551,766.645580000001,1134.80518,10931.97117,3203.12213,116.147,"Ministério da Mulher, da Família e dos Direitos Humanos",4157
"378","Anexo III","81000","MINIST. MULHER, FAMILIA E DIREITOS HUMANOS",5,"2019",0,15.7901200000006,1134.80518,10931.97117,3203.12213,116.147,"Ministério da Mulher, da Família e dos Direitos Humanos",5641
"379","Anexo III","81000","MINIST. MULHER, FAMILIA E DIREITOS HUMANOS",6,"2019",0,16.3681900000006,1134.80518,8655.95317,3203.12213,116.147,"Ministério da Mulher, da Família e dos Direitos Humanos",7126
"380","Anexo III","81000","MINIST. MULHER, FAMILIA E DIREITOS HUMANOS",7,"2019",0,1402.1043,1134.80518,7590.95317,3203.12213,116.147,"Ministério da Mulher, da Família e dos Direitos Humanos",8610
"381","Anexo III","81000","MINIST. MULHER, FAMILIA E DIREITOS HUMANOS",8,"2019",0,0.700890000000764,1134.80518,8655.95317,3203.12213,116.147,"Ministério da Mulher, da Família e dos Direitos Humanos",10095
"382","Anexo III","81000","MINIST. MULHER, FAMILIA E DIREITOS HUMANOS",9,"2019",0,314.302250000001,1134.80518,16000,3203.12213,116.147,"Ministério da Mulher, da Família e dos Direitos Humanos",11580
"383","Anexo III","81000","MINIST. MULHER, FAMILIA E DIREITOS HUMANOS",10,"2019",200,2794.59671,1334.80518,15182.82,3820.30213,116.147,"Ministério da Mulher, da Família e dos Direitos Humanos",13064
"384","Anexo III","81000","MINIST. MULHER, FAMILIA E DIREITOS HUMANOS",11,"2019",0,0.76089000000088,1334.80518,12860.99155,5377.13058,116.147,"Ministério da Mulher, da Família e dos Direitos Humanos",14549
"385","Anexo III","81000","MINIST. MULHER, FAMILIA E DIREITOS HUMANOS",12,"2019",2019.72943,35485.68102,3354.53461,10331.63057,2999.62453,116.147,"Ministério da Mulher, da Família e dos Direitos Humanos",16033
"386","Anexo IV","20000","PRESIDENCIA DA REPUBLICA",2,"2019",0,0,0,0,0,0,"Presidência da República",8278
"387","Anexo IV","20000","PRESIDENCIA DA REPUBLICA",3,"2019",0,0,0,74500,0,0,"Presidência da República",12417
"388","Anexo IV","20000","PRESIDENCIA DA REPUBLICA",4,"2019",0,0,0,59265.061,0,0,"Presidência da República",19315
"389","Anexo IV","20000","PRESIDENCIA DA REPUBLICA",5,"2019",0,0,0,53965.061,0,0,"Presidência da República",26213
"390","Anexo IV","20000","PRESIDENCIA DA REPUBLICA",6,"2019",0,0,0,53965.061,0,0,"Presidência da República",33111
"391","Anexo IV","20000","PRESIDENCIA DA REPUBLICA",7,"2019",0,0,0,27402.061,0,0,"Presidência da República",40009
"392","Anexo IV","20000","PRESIDENCIA DA REPUBLICA",8,"2019",0,0,0,27402.061,0,0,"Presidência da República",46907
"393","Anexo IV","20000","PRESIDENCIA DA REPUBLICA",9,"2019",0,0,0,27402.061,0,0,"Presidência da República",53806
"394","Anexo IV","20000","PRESIDENCIA DA REPUBLICA",10,"2019",0,0,0,27402.061,0,0,"Presidência da República",60704
"395","Anexo IV","20000","PRESIDENCIA DA REPUBLICA",11,"2019",0,0,0,33037.169,0,0,"Presidência da República",67602
"396","Anexo IV","20000","PRESIDENCIA DA REPUBLICA",12,"2019",0,0,0,0.169,0,0,"Presidência da República",74500
"397","Anexo IV","24000","MINIST.DA CIENCIA,TECNOL.,INOV.E COMUNICACOES",2,"2019",1530.29931,147866.14607,3228.22372,3032.30745,89130.4579,3481.35825,"Ministério da Ciência, Tecnologia, Inovações e Comunicações",151079
"398","Anexo IV","24000","MINIST.DA CIENCIA,TECNOL.,INOV.E COMUNICACOES",3,"2019",169279.70756,56148.6894,172507.93128,1156366.15449,123636.30436,3398.95146,"Ministério da Ciência, Tecnologia, Inovações e Comunicações",226619
"399","Anexo IV","24000","MINIST.DA CIENCIA,TECNOL.,INOV.E COMUNICACOES",4,"2019",3765.68334999999,59143.00605,176273.61463,39013.3620599999,163666.56569,3394.95146,"Ministério da Ciência, Tecnologia, Inovações e Comunicações",352519
"400","Anexo IV","24000","MINIST.DA CIENCIA,TECNOL.,INOV.E COMUNICACOES",5,"2019",4550.39040000001,63276.61565,180824.00503,39590.0624299999,159627.50152,3231.83409,"Ministério da Ciência, Tecnologia, Inovações e Comunicações",478418
"401","Anexo IV","24000","MINIST.DA CIENCIA,TECNOL.,INOV.E COMUNICACOES",6,"2019",67787.51192,5094.01296,248611.51695,39409.9158399999,94533.78693,713.18463,"Ministério da Ciência, Tecnologia, Inovações e Comunicações",604318
"402","Anexo IV","24000","MINIST.DA CIENCIA,TECNOL.,INOV.E COMUNICACOES",7,"2019",4459.15579000002,8394.85717,253070.67274,38942.3558199999,69774.86405,22555.60251,"Ministério da Ciência, Tecnologia, Inovações e Comunicações",730217
"403","Anexo IV","24000","MINIST.DA CIENCIA,TECNOL.,INOV.E COMUNICACOES",8,"2019",19222.47689,1208.97105,272293.14963,35029.4321599999,64820.65882,9038.20251,"Ministério da Ciência, Tecnologia, Inovações e Comunicações",856117
"404","Anexo IV","24000","MINIST.DA CIENCIA,TECNOL.,INOV.E COMUNICACOES",9,"2019",2983.04574000001,6276.92531,275276.19537,26281.1169299999,74052.52169,7538.7927,"Ministério da Ciência, Tecnologia, Inovações e Comunicações",982016
"405","Anexo IV","24000","MINIST.DA CIENCIA,TECNOL.,INOV.E COMUNICACOES",10,"2019",12571.60582,2546.69331,287847.80119,24804.9262199999,68089.69693,2406.20235,"Ministério da Ciência, Tecnologia, Inovações e Comunicações",1107916
"406","Anexo IV","24000","MINIST.DA CIENCIA,TECNOL.,INOV.E COMUNICACOES",11,"2019",20209.63277,170712.87631,308057.43396,17572.9917699999,1093455.35592,247.288699999999,"Ministério da Ciência, Tecnologia, Inovações e Comunicações",1233815
"407","Anexo IV","24000","MINIST.DA CIENCIA,TECNOL.,INOV.E COMUNICACOES",12,"2019",1053491.68353,6151.09981,1361549.11749,1535.05322999989,12791.3050799998,210.231129999999,"Ministério da Ciência, Tecnologia, Inovações e Comunicações",1359715
"408","Anexo IV","25000","MINISTERIO DA ECONOMIA",2,"2019",0,164.16538,35.4,0,220419.80282,0,"Ministério da Economia",5250
"409","Anexo IV","25000","MINISTERIO DA ECONOMIA",3,"2019",17.5,146.66538,52.9,47250,220402.30282,0,"Ministério da Economia",7875
"410","Anexo IV","25000","MINISTERIO DA ECONOMIA",4,"2019",146.66538,0,199.56538,37587.572,220255.63744,0,"Ministério da Economia",12250
"411","Anexo IV","25000","MINISTERIO DA ECONOMIA",5,"2019",-0.822580000000016,0.82258,198.7428,19391.88288,226152.14914,0,"Ministério da Economia",16625
"412","Anexo IV","25000","MINISTERIO DA ECONOMIA",6,"2019",0.93124000000002,69.89134,199.67404,19391.88288,226151.00977,0.20813,"Ministério da Economia",21000
"413","Anexo IV","25000","MINISTERIO DA ECONOMIA",7,"2019",21.22521,26611.7855,220.89925,19391.88288,252692.78456,0.20813,"Ministério da Economia",25375
"414","Anexo IV","25000","MINISTERIO DA ECONOMIA",8,"2019",26602.76895,9.01655000000089,26823.6682,17817.87628,227664.23034,0,"Ministério da Economia",29750
"415","Anexo IV","25000","MINISTERIO DA ECONOMIA",9,"2019",28553.99017,10.1759000000009,55377.65837,17785.1856,199132.72977,0.20108,"Ministério da Economia",34125
"416","Anexo IV","25000","MINISTERIO DA ECONOMIA",10,"2019",50013.80526,7.56920000000089,105391.46363,17777.87628,149025.35814,101.07677,"Ministério da Economia",38500
"417","Anexo IV","25000","MINISTERIO DA ECONOMIA",11,"2019",26011.90892,6.89476000000089,131403.37255,26672.00507,117203.8737,1.04805,"Ministério da Economia",42875
"418","Anexo IV","25000","MINISTERIO DA ECONOMIA",12,"2019",45555.17696,4785.49683,176958.54951,9714.56065,20000,43417.93176,"Ministério da Economia",47250
"419","Anexo IV","26000","MINISTERIO DA EDUCACAO",2,"2019",36849.21227,44923.75353,50699.02334,10647.98333,4533911.90308,99616.89875,"Ministério da Educação",3333
"420","Anexo IV","26000","MINISTERIO DA EDUCACAO",3,"2019",17100.18644,42878.0208,67799.20978,33549.57904,4527309.83262,98493.86706,"Ministério da Educação",5000
"421","Anexo IV","26000","MINISTERIO DA EDUCACAO",4,"2019",11657.07478,39502.57273,79456.28456,4285.02494,4524935.58991,102154.39099,"Ministério da Educação",7778
"422","Anexo IV","26000","MINISTERIO DA EDUCACAO",5,"2019",22911.40534,39410.80345,102367.6899,2998.9895,4513145.95437,98628.35316,"Ministério da Educação",10556
"423","Anexo IV","26000","MINISTERIO DA EDUCACAO",6,"2019",12490.1023,39141.927,114857.7922,301.48,4503075.27899,97438.17874,"Ministério da Educação",13333
"424","Anexo IV","26000","MINISTERIO DA EDUCACAO",7,"2019",25470.17598,35893.61551,140327.96818,27131.14214,4484972.47017,93725.64067,"Ministério da Educação",16111
"425","Anexo IV","26000","MINISTERIO DA EDUCACAO",8,"2019",19888.65794,23807.51589,160216.62612,3432.88713,4484821.13539,96656.48823,"Ministério da Educação",18889
"426","Anexo IV","26000","MINISTERIO DA EDUCACAO",9,"2019",33229.45841,28348.43936,193446.08453,5775.42809,4454771.62949,105299.0579,"Ministério da Educação",21667
"427","Anexo IV","26000","MINISTERIO DA EDUCACAO",10,"2019",178868.70009,61750.67859,372314.78462,8734.78791,4241504.61494,141931.14093,"Ministério da Educação",24444
"428","Anexo IV","26000","MINISTERIO DA EDUCACAO",11,"2019",102105.96341,39030.02008,474420.74803,11118.28963,4037957.90488,89967.68235,"Ministério da Educação",27222
"429","Anexo IV","26000","MINISTERIO DA EDUCACAO",12,"2019",77962.26645,55961.38878,552383.01448,35.0689799999981,225240.26991,96283.51959,"Ministério da Educação",30000
"430","Anexo IV","32000","MINISTERIO DE MINAS E ENERGIA",2,"2019",1605.2863,4031.03356,3735.64561,7987.93025,29984.02375,1215.58318,"Ministério de Minas e Energia",8633
"431","Anexo IV","32000","MINISTERIO DE MINAS E ENERGIA",3,"2019",2758.3677,2099.15513,6494.01331,64867.92191,29523.81355,2125.8681,"Ministério de Minas e Energia",12950
"432","Anexo IV","32000","MINISTERIO DE MINAS E ENERGIA",4,"2019",2791.06261,2068.30654,9285.07592,44885.33036,31759.37161,968.65865,"Ministério de Minas e Energia",20144
"433","Anexo IV","32000","MINISTERIO DE MINAS E ENERGIA",5,"2019",11229.60763,3341.29545,20514.68355,31048.77307,35840.29568,1048.38128,"Ministério de Minas e Energia",27338
"434","Anexo IV","32000","MINISTERIO DE MINAS E ENERGIA",6,"2019",3320.40644,2407.35407,23835.08999,31105.48385,32188.24194,1559.24795,"Ministério de Minas e Energia",34532
"435","Anexo IV","32000","MINISTERIO DE MINAS E ENERGIA",7,"2019",6085.50197,988.61044,29920.59196,28551.76974,15512.70906,4317.14406,"Ministério de Minas e Energia",41726
"436","Anexo IV","32000","MINISTERIO DE MINAS E ENERGIA",8,"2019",4486.91531,3500.91996,34407.50727,27345.28215,13711.60922,2486.28308,"Ministério de Minas e Energia",48921
"437","Anexo IV","32000","MINISTERIO DE MINAS E ENERGIA",9,"2019",2548.87212,4810.00308,36956.37939,25198.72356,15430.61255,1455.3228,"Ministério de Minas e Energia",56115
"438","Anexo IV","32000","MINISTERIO DE MINAS E ENERGIA",10,"2019",4631.89387,1249.73084,41588.27326,21411.99569,15344.60281,1201.25016,"Ministério de Minas e Energia",63309
"439","Anexo IV","32000","MINISTERIO DE MINAS E ENERGIA",11,"2019",7461.02805,3567.62488,49049.30131,29488.1975,13774.58253,1125.20932,"Ministério de Minas e Energia",70503
"440","Anexo IV","32000","MINISTERIO DE MINAS E ENERGIA",12,"2019",7570.84273,1923.37672,56620.14404,8453.62644,4364.71223,1405.81892,"Ministério de Minas e Energia",77698
"441","Anexo IV","36000","MINISTERIO DA SAUDE",2,"2019",14383.88517,32309.50808,32289.26332,0,1703603.91532,123114.30623,"Ministério da Saúde",64474
"442","Anexo IV","36000","MINISTERIO DA SAUDE",3,"2019",36172.4002,28506.11285,68461.66352,385909.15051,1300476.45994,481489.58675,"Ministério da Saúde",96711
"443","Anexo IV","36000","MINISTERIO DA SAUDE",4,"2019",31652.59885,29988.514,100114.26237,323283.23163,1335162.31666,459804.48948,"Ministério da Saúde",128948
"444","Anexo IV","36000","MINISTERIO DA SAUDE",5,"2019",58743.08213,3368.80765,158857.3445,312847.97032,1283706.6014,459520.3901,"Ministério da Saúde",161185
"445","Anexo IV","36000","MINISTERIO DA SAUDE",6,"2019",18143.27789,7325.52976,177000.62239,292081.22294,1286336.30792,458006.78866,"Ministério da Saúde",193422
"446","Anexo IV","36000","MINISTERIO DA SAUDE",7,"2019",19652.57249,27673.50816,196653.19488,282558.36266,1236008.7279,447012.70193,"Ministério da Saúde",225660
"447","Anexo IV","36000","MINISTERIO DA SAUDE",8,"2019",21455.1731,40227.31527,218108.36798,262812.29784,1239163.88647,441291.80731,"Ministério da Saúde",257897
"448","Anexo IV","36000","MINISTERIO DA SAUDE",9,"2019",16965.56832,23261.74695,235073.9363,144837.64235,1311175.50524,442637.27571,"Ministério da Saúde",290134
"449","Anexo IV","36000","MINISTERIO DA SAUDE",10,"2019",40261.35828,21000.38867,275335.29458,267045.9043,1293470.72611,414082.25763,"Ministério da Saúde",322371
"450","Anexo IV","36000","MINISTERIO DA SAUDE",11,"2019",27427.49816,43572.89051,302762.79274,142521.90077,1261323.16236,546891.0984,"Ministério da Saúde",354608
"451","Anexo IV","36000","MINISTERIO DA SAUDE",12,"2019",50793.26046,6475.30079999999,353556.0532,278.58814000003,989385.00844,536630.3445,"Ministério da Saúde",386845
"452","Anexo IV","39000","MINISTERIO DA INFRAESTRUTURA",2,"2019",429445.11786,191754.49588,731578.39325,5077525.69982,5926942.23442,242834.58569,"Ministério da Infraestrutura",970136
"453","Anexo IV","39000","MINISTERIO DA INFRAESTRUTURA",3,"2019",562199.83517,96907.14556,1293778.22842,7429536.65373,5697780.00582,133136.66637,"Ministério da Infraestrutura",1455203
"454","Anexo IV","39000","MINISTERIO DA INFRAESTRUTURA",4,"2019",508979.50838,223150.54266,1802757.7368,1852310.02608,7062029.85777,149570.5328,"Ministério da Infraestrutura",2263650
"455","Anexo IV","39000","MINISTERIO DA INFRAESTRUTURA",5,"2019",712560.44635,214705.54677,2515318.18315,2281833.96619,7283066.8461,113915.31833,"Ministério da Infraestrutura",3072096
"456","Anexo IV","39000","MINISTERIO DA INFRAESTRUTURA",6,"2019",578940.92339,347092.71602,3094259.10654,1725811.32705,7908547.52655,176916.25169,"Ministério da Infraestrutura",3880543
"457","Anexo IV","39000","MINISTERIO DA INFRAESTRUTURA",7,"2019",852476.139309999,153200.84719,3946735.24585,1160372.91561,7247758.32425,232035.93268,"Ministério da Infraestrutura",4688989
"458","Anexo IV","39000","MINISTERIO DA INFRAESTRUTURA",8,"2019",656009.32706,98344.74032,4602744.57291,644697.01624,7119881.56098,417514.95761,"Ministério da Infraestrutura",5497435
"459","Anexo IV","39000","MINISTERIO DA INFRAESTRUTURA",9,"2019",660676.402610001,130441.01475,5263420.97552,434957.41001,6259774.75642,528416.09148,"Ministério da Infraestrutura",6305882
"460","Anexo IV","39000","MINISTERIO DA INFRAESTRUTURA",10,"2019",764303.702639999,145151.80163,6027724.67816,770140.62573,5534306.8605,458994.14055,"Ministério da Infraestrutura",7114328
"461","Anexo IV","39000","MINISTERIO DA INFRAESTRUTURA",11,"2019",981736.79681,261236.41266,7009461.47497,942001.80509,4637719.48377,94317.82333,"Ministério da Infraestrutura",7922774
"462","Anexo IV","39000","MINISTERIO DA INFRAESTRUTURA",12,"2019",2078701.11578,469288.08643,9088162.59075,57293.7792900005,1144810.93841,186914.90025,"Ministério da Infraestrutura",8731221
"463","Anexo IV","52000","MINISTERIO DA DEFESA",2,"2019",68469.104164931,196860.99649,158303.97843965,1838476.79160739,2046048.38415645,361862.61039586,"Ministério da Defesa",505401
"464","Anexo IV","52000","MINISTERIO DA DEFESA",3,"2019",92127.126393966,204113.2724,250431.104833616,1091160.16607897,2000253.95820149,357927.905708812,"Ministério da Defesa",758102
"465","Anexo IV","52000","MINISTERIO DA DEFESA",4,"2019",138924.264745062,187426.67442,389355.369578678,1314940.32169749,2948062.4749734,353779.961500356,"Ministério da Defesa",1179269
"466","Anexo IV","52000","MINISTERIO DA DEFESA",5,"2019",444564.520450278,206818.30495,833919.890028956,500076.440595793,4021432.36720869,20130.0264625,"Ministério da Defesa",1600437
"467","Anexo IV","52000","MINISTERIO DA DEFESA",6,"2019",150002.437465932,212297.18997,983922.327494888,281306.232024268,4031242.8795383,46434.70635,"Ministério da Defesa",2021605
"468","Anexo IV","52000","MINISTERIO DA DEFESA",7,"2019",402145.861566128,238588.70969,1386068.18906102,254415.280714672,3545043.00205268,54993.8921197,"Ministério da Defesa",2442772
"469","Anexo IV","52000","MINISTERIO DA DEFESA",8,"2019",294467.055852099,121554.11652,1680535.24491311,185699.617822974,3388085.90739035,190305.39541122,"Ministério da Defesa",2863940
"470","Anexo IV","52000","MINISTERIO DA DEFESA",9,"2019",339576.226201949,90904.09112,2020111.47111506,839780.050531424,3094675.90278818,262886.483991616,"Ministério da Defesa",3285108
"471","Anexo IV","52000","MINISTERIO DA DEFESA",10,"2019",812749.370674638,72456.0727,2832860.8417897,322832.165475945,2877722.48156811,31151.8988740999,"Ministério da Defesa",3706275
"472","Anexo IV","52000","MINISTERIO DA DEFESA",11,"2019",711182.227185898,157695.19915,3544043.0689756,421845.229656644,2868135.53691945,45990.5931439999,"Ministério da Defesa",4127443
"473","Anexo IV","52000","MINISTERIO DA DEFESA",12,"2019",2184745.43961652,223426.10003,5728788.50859212,39784.4282534701,451960.844341138,9377.47634999995,"Ministério da Defesa",4548611
"474","Anexo IV","53000","MINISTERIO DO DESENVOLVIMENTO REGIONAL",2,"2019",361048.90874,138530.06212,585913.27929,3707347.64043,8665008.58988,600325.3384,"Ministério do Desenvolvimento Regional",722731
"475","Anexo IV","53000","MINISTERIO DO DESENVOLVIMENTO REGIONAL",3,"2019",832043.30447,210571.84176,1417956.58376,5428580.63711,8390700.4571,512222.86708,"Ministério do Desenvolvimento Regional",1084096
"476","Anexo IV","53000","MINISTERIO DO DESENVOLVIMENTO REGIONAL",4,"2019",685145.53593,33013.33649,2103102.11969,615409.273540001,10420706.70906,479530.62166,"Ministério do Desenvolvimento Regional",1686372
"477","Anexo IV","53000","MINISTERIO DO DESENVOLVIMENTO REGIONAL",5,"2019",914450.65097,21003.27157,3017552.77066,197100.186200001,9835410.5175,484345.75909,"Ministério do Desenvolvimento Regional",2288648
"478","Anexo IV","53000","MINISTERIO DO DESENVOLVIMENTO REGIONAL",6,"2019",783137.07514,296065.76744,3800689.8458,182837.315480001,8959764.74351,896419.90257,"Ministério do Desenvolvimento Regional",2890923
"479","Anexo IV","53000","MINISTERIO DO DESENVOLVIMENTO REGIONAL",7,"2019",521019.257679999,17606.55587,4321709.10348,111626.988290001,8380652.26361,926305.9412,"Ministério do Desenvolvimento Regional",3493199
"480","Anexo IV","53000","MINISTERIO DO DESENVOLVIMENTO REGIONAL",8,"2019",246385.21929,13527.12144,4568094.32277,210568.820930001,8003754.18144,1057028.40001,"Ministério do Desenvolvimento Regional",4095475
"481","Anexo IV","53000","MINISTERIO DO DESENVOLVIMENTO REGIONAL",9,"2019",822225.113360001,25759.62927,5390319.43613,80251.9144000007,7717482.53802,1356371.71926,"Ministério do Desenvolvimento Regional",4697750
"482","Anexo IV","53000","MINISTERIO DO DESENVOLVIMENTO REGIONAL",10,"2019",277454.52377,48031.46562,5667773.9599,79507.6569700007,7430909.18714,1477448.90933,"Ministério do Desenvolvimento Regional",5300026
"483","Anexo IV","53000","MINISTERIO DO DESENVOLVIMENTO REGIONAL",11,"2019",726315.72066,1855065.29631,6394089.68056,156570.139800001,5580060.02187,2456476.0258,"Ministério do Desenvolvimento Regional",5902302
"484","Anexo IV","53000","MINISTERIO DO DESENVOLVIMENTO REGIONAL",12,"2019",2761662.05744,174744.99259,9155751.738,5716.72439000067,569051.57878,4429480.04021,"Ministério do Desenvolvimento Regional",6504577
"485","Anexo IV","54000","MINISTERIO DO TURISMO",2,"2019",1477.03693,12723.52116,1517.40193,0,646041.43011,27915.54603,"Ministério do Turismo",9668
"486","Anexo IV","54000","MINISTERIO DO TURISMO",3,"2019",0,12723.52116,1517.40193,87009.382,641053.13053,27915.54603,"Ministério do Turismo",14502
"487","Anexo IV","54000","MINISTERIO DO TURISMO",4,"2019",9433.57198,12665.51394,10950.97391,61261.285,537119.9921,27506.70304,"Ministério do Turismo",22558
"488","Anexo IV","54000","MINISTERIO DO TURISMO",5,"2019",1345.08236,12665.51394,12296.05627,55761.285,534224.00869,26984.60291,"Ministério do Turismo",30614
"489","Anexo IV","54000","MINISTERIO DO TURISMO",6,"2019",5292.30975,11665.51394,17588.36602,55761.285,528398.37968,26461.12017,"Ministério do Turismo",38671
"490","Anexo IV","54000","MINISTERIO DO TURISMO",7,"2019",7805.82172,27665.51394,25394.18774,55761.285,520054.15581,25805.39806,"Ministério do Turismo",46727
"491","Anexo IV","54000","MINISTERIO DO TURISMO",8,"2019",7713.24606,21988.3913,33107.4338,25761.285,508519.1688,28478.12482,"Ministério do Turismo",54784
"492","Anexo IV","54000","MINISTERIO DO TURISMO",9,"2019",4332.30031,21988.3913,37439.73411,25761.285,505033.4884,24886.0731,"Ministério do Turismo",62840
"493","Anexo IV","54000","MINISTERIO DO TURISMO",10,"2019",15167.09637,16988.3913,52606.83048,25761.285,424355.75889,89083.05624,"Ministério do Turismo",70897
"494","Anexo IV","54000","MINISTERIO DO TURISMO",11,"2019",5115.35777,16988.3913,57722.18825,77009.382,308565.86873,199468.48863,"Ministério do Turismo",78953
"495","Anexo IV","54000","MINISTERIO DO TURISMO",12,"2019",20490.97237,46815.43376,78213.16062,0,91279.4399999999,303006.28522,"Ministério do Turismo",87009
"496","Anexo IV","55000","MINISTERIO DA CIDADANIA",2,"2019",4640.19621,8087.34768,25239.09303,0,565633.14196,31196.92854,"Ministério da Cidadania",19951
"497","Anexo IV","55000","MINISTERIO DA CIDADANIA",3,"2019",10412.51405,4674.83363,35651.60708,166441.23323,557667.37519,28444.53823,"Ministério da Cidadania",29926
"498","Anexo IV","55000","MINISTERIO DA CIDADANIA",4,"2019",8729.79857,6372.94089,44381.40565,127490.70084,544660.41809,33713.4875,"Ministério da Cidadania",46552
"499","Anexo IV","55000","MINISTERIO DA CIDADANIA",5,"2019",18254.07992,7894.13198,62635.48557,102324.88028,558532.80269,25354.97279,"Ministério da Cidadania",63178
"500","Anexo IV","55000","MINISTERIO DA CIDADANIA",6,"2019",26019.3897,9354.98378,88654.87527,93489.77109,540911.96129,22370.97728,"Ministério da Cidadania",79803
"501","Anexo IV","55000","MINISTERIO DA CIDADANIA",7,"2019",11230.84049,1916.27649,99885.71576,80800.90795,528959.67282,22363.3185,"Ministério da Cidadania",96429
"502","Anexo IV","55000","MINISTERIO DA CIDADANIA",8,"2019",9128.67700999999,2839.7911,109014.39277,10.9644299999941,590001.51933,24644.13352,"Ministério da Cidadania",113055
"503","Anexo IV","55000","MINISTERIO DA CIDADANIA",9,"2019",8877.64892,4953.38484,117892.04169,11.0003899999941,580907.2832,23551.68525,"Ministério da Cidadania",129680
"504","Anexo IV","55000","MINISTERIO DA CIDADANIA",10,"2019",7793.11873,2809.25043,125685.16042,10.9644299999941,545037.09889,49955.36106,"Ministério da Cidadania",146306
"505","Anexo IV","55000","MINISTERIO DA CIDADANIA",11,"2019",20582.84789,7137.85424,146268.00831,9514.28769999999,540870.58616,85562.92765,"Ministério da Cidadania",162932
"506","Anexo IV","55000","MINISTERIO DA CIDADANIA",12,"2019",41842.03567,47009.25141,188110.04398,0.000529999993741512,18127.88058,411117.75247,"Ministério da Cidadania",179557
